labid,lowtag,study area,location,lat,long,age.at.col1,th.age,sex,weight,body_condition,pregnancy,collar1,collar1.on,collar1.off,reason.off1,collar2,collar2.on,collar2.off,reason.off2,collar3,collar3.on,collar3.off,reason.off3,mort.date,cwd.test,cwd.result,lab_result_bpv,titer_value,log2,log10,ehdv_result,lb,lb_titer,lc,lc_titer,lg,lg_titer,lh,lh_titer,li,li_titer,lp,lp_titer,exposure_multi,home_range_95_kud_km2,home_range_50_kud_km2,mean_daily_dist_km,prop_habitat_agri,prop_habitat_forest,prop_habitat_wetland,crop_forest_ratio,edge_density,mean_odba,prop_time_resting,prop_time_active,crepuscularity_index,mean_resting_bout_duration_hrs,daily_resting_bout_frequency,fate,mortality_date,mortality_cause 
1,6069,,,"43°02'33.4""","90°15'46.4""",>2yrs,2,Female,,,,43218,3/7/19,5/27/19,mortality,NA,NA,NA,NA,NA,NA,NA,NA,5/27/19,TRUE,Positive,Negative,10,3.32,1,0,Negative,100,Negative,100,Negative,100,Negative,100,Negative,100,Negative,100,,,,,,,,,,,,,,,,,,
2,5006,,,,,>2yrs,6,Female,,,,43201,1/9/17,2/4/19,censor,82063,2/4/19,3/25/19,mortality,NA,NA,NA,NA,3/25/19,TRUE,Positive,Positive,10,3.32,1,0,Positive,100,Negative,100,Positive,200,Negative,100,Negative,100,Positive,100,,,,,,,,,,,,,,,,,,
3,5183,,,,,>2yrs,10,Female,,,,43274,3/5/19,4/26/19,mortality,NA,NA,NA,NA,NA,NA,NA,NA,4/26/19,TRUE,Inconclusive,Positive,10,3.32,1,0,Negative,100,Negative,100,Negative,100,Negative,100,Negative,100,Negative,100,,,,,,,,,,,,,,,,,,
4,5565,,,,,8mo,NA,Male,,,,29535,2/16/19,12/25/19,mortality,NA,NA,NA,NA,NA,NA,NA,NA,12/25/19,TRUE,Positive,Positive,10,3.32,1,0,Negative,100,Negative,100,Negative,100,Negative,100,Negative,100,Negative,100,,,,,,,,,,,,,,,,,,
5,5583,,,,,>2yrs,NA,Female,,,,82016,2/13/19,11/24/20,mortality,NA,NA,NA,NA,NA,NA,NA,NA,11/24/20,TRUE,Positive,Negative,10,3.32,1,0,Negative,100,Negative,100,Negative,100,Negative,100,Negative,100,Negative,100,,,,,,,,,,,,,,,,,,
6,5649,,,,,>2yrs,3,Male,,,,29432,3/2/19,11/8/19,mortality,NA,NA,NA,NA,NA,NA,NA,NA,11/8/19,TRUE,Positive,Negative,10,3.32,1,0,Negative,100,Negative,100,Negative,100,Negative,100,Positive,200,Negative,100,,,,,,,,,,,,,,,,,,
7,5669,,,,,>2yrs,9,Female,,,,82050,2/19/19,7/20/20,censor,NA,NA,NA,NA,NA,NA,NA,NA,4/3/22,FALSE,Not tested,Negative,10,3.32,1,0,Negative,100,Negative,100,Negative,100,Negative,100,Negative,100,Negative,100,,,,,,,,,,,,,,,,,,
8,5687,,,,,20mo,NA,Female,,,,81999,2/19/19,11/27/20,mortality,NA,NA,NA,NA,NA,NA,NA,NA,11/27/20,TRUE,Positive,Negative,10,3.32,1,0,Negative,100,Negative,100,Negative,100,Negative,100,Negative,100,Negative,100,,,,,,,,,,,,,,,,,,
9,5944,,,,,8mo,NA,Male,,,,24938,3/4/19,10/20/19,mortality,NA,NA,NA,NA,NA,NA,NA,NA,10/20/19,TRUE,Positive,Positive,40,5.32,1.6,0,Negative,100,Negative,100,Negative,100,Negative,100,Negative,100,Negative,100,,,,,,,,,,,,,,,,,,
10,6071,,,,,>2yrs,2,Female,,,,43271,3/8/19,6/22/20,mortality,NA,NA,NA,NA,NA,NA,NA,NA,6/22/20,TRUE,Positive,Positive,20,4.32,1.3,0,Negative,100,Negative,100,Negative,100,Negative,100,Negative,100,Negative,100,,,,,,,,,,,,,,,,,,
11,5037,,,,,8mo,NA,Female,,,,80594,1/3/19,9/5/21,mortality,NA,NA,NA,NA,NA,NA,NA,NA,9/5/21,TRUE,Negative,Positive,20,4.32,1.3,0,Negative,100,Negative,100,Negative,100,Negative,100,Negative,100,Negative,100,,,,,,,,,,,,,,,,,,
12,5193,,,,,8mo,NA,Female,,,,82047,3/7/19,7/22/20,censor,NA,NA,NA,NA,NA,NA,NA,NA,NA,NA,NA,Negative,10,3.32,1,0,Negative,100,Negative,100,Negative,100,Negative,100,Negative,100,Negative,100,,,,,,,,,,,,,,,,,,
13,5567,,,,,,,,,,,,,,,,,,NA,,,,,,,,Negative,10,3.32,1,0,Negative,100,Negative,100,Negative,100,Negative,100,Negative,100,Negative,100,,,,,,,,,,,,,,,,,,
14,5587,,,,,>2yrs,7,Female,,,,82058,2/15/19,4/21/22,mortality,NA,NA,NA,NA,NA,NA,NA,NA,4/21/22,TRUE,Pending,Negative,10,3.32,1,0,Negative,100,Negative,100,Positive,100,Negative,100,Negative,100,Negative,100,,,,,,,,,,,,,,,,,,
15,5651,,,,,20mo,NA,Male,,,,24232,1/9/19,11/21/20,mortality,NA,NA,NA,NA,NA,NA,NA,NA,11/21/20,TRUE,Negative,Negative,10,3.32,1,0,Negative,100,Negative,100,Negative,100,Negative,100,Negative,100,Negative,100,,,,,,,,,,,,,,,,,,
16,5671,,,,,8mo,NA,Female,,,,82005,2/15/19,5/8/19,mortality,NA,NA,NA,NA,NA,NA,NA,NA,5/8/19,TRUE,Positive,Negative,10,3.32,1,0,Negative,100,Negative,100,Negative,100,Negative,100,Negative,100,Negative,100,,,,,,,,,,,,,,,,,,
17,5689,,,,,20mo,1,Female,,,,NA,NA,NA,NA,84597,1/4/20,NA,NA,NA,NA,NA,NA,NA,NA,NA,Negative,10,3.32,1,0,Negative,100,Negative,100,Negative,100,Negative,100,Negative,100,Negative,100,,,,,,,,,,,,,,,,,,
18,5957,,,,,8mo,NA,Female,,,,80630,1/2/19,4/4/20,mortality,NA,NA,NA,NA,NA,NA,NA,NA,4/4/20,TRUE,Positive,Negative,10,3.32,1,0,Negative,100,Negative,100,Negative,100,Negative,100,Negative,100,Negative,100,,,,,,,,,,,,,,,,,,
19,6073,,,,,8mo,NA,Female,,,,81996,2/14/19,3/5/21,mortality,NA,NA,NA,NA,NA,NA,NA,NA,3/5/21,TRUE,Pending,Negative,10,3.32,1,0,Negative,100,Negative,100,Negative,100,Negative,100,Negative,100,Negative,100,,,,,,,,,,,,,,,,,,
20,5068,,,,,8mo,NA,Male,,,,24227,3/1/17,2/18/19,censor,NA,NA,NA,NA,24932,2/18/19,5/23/20,censor,NA,NA,NA,Negative,10,3.32,1,0,Negative,100,Negative,100,Negative,100,Negative,100,Negative,100,Positive,200,,,,,,,,,,,,,,,,,,
21,5531,,,,,8mo,NA,Male,,,,29555,1/18/19,10/31/20,mortality,NA,NA,NA,NA,NA,NA,NA,NA,10/31/20,TRUE,Negative,Negative,10,3.32,1,0,Negative,100,Negative,100,Negative,100,Negative,100,Negative,100,Negative,100,,,,,,,,,,,,,,,,,,
22,5569,,,,,>2yrs,NA,Female,,,,82053,3/3/19,7/4/20,censor,NA,NA,NA,NA,NA,NA,NA,NA,NA,NA,NA,Negative,10,3.32,1,0,Negative,100,Negative,100,Negative,100,Negative,100,Negative,100,Negative,100,,,,,,,,,,,,,,,,,,
23,5589,,,,,,,,,,,,,,,,,,,,,,,,,,Negative,10,3.32,1,0,Negative,100,Negative,100,Positive,200,Negative,100,Negative,100,Negative,100,,,,,,,,,,,,,,,,,,
24,5653,,,,,8mo,NA,Male,,,,29568,1/23/19,1/26/19,mortality,NA,NA,NA,NA,NA,NA,NA,NA,1/26/19,TRUE,Negative,Negative,10,3.32,1,0,Negative,100,Negative,100,Negative,100,Negative,100,Negative,100,Negative,100,,,,,,,,,,,,,,,,,,
25,5665,,,,,>2yrs,3,Female,,,,43216,3/3/19,8/1/19,mortality,NA,NA,NA,NA,NA,NA,NA,NA,8/1/19,TRUE,Positive,Negative,10,3.32,1,0,Negative,100,Negative,100,Negative,100,Negative,100,Negative,100,Negative,100,,,,,,,,,,,,,,,,,,
26,5691,,,,,,,,,,,,,,,,,,,,,,,,,,Negative,10,3.32,1,0,Negative,100,Negative,100,Negative,100,Negative,100,Negative,100,Negative,100,,,,,,,,,,,,,,,,,,
27,5959,,,,,8mo,NA,Female,,,,82040,1/9/19,12/20/20,censor,NA,NA,NA,NA,NA,NA,NA,NA,NA,NA,NA,Negative,10,3.32,1,0,Negative,100,Negative,100,Negative,100,Negative,100,Negative,100,Negative,100,,,,,,,,,,,,,,,,,,
28,6127,,,,,8mo,NA,Male,,,,24211,12/11/18,11/21/20,censor,NA,NA,NA,NA,NA,NA,NA,NA,NA,NA,NA,Negative,10,3.32,1,0,Negative,100,Negative,100,Negative,100,Negative,100,Negative,100,Positive,6400,,,,,,,,,,,,,,,,,,
29,5103,,,,,,,,,,,,,,,,,,,,,,,,,,Negative,10,3.32,1,0,Negative,100,Negative,100,Negative,100,Negative,100,Negative,100,Negative,100,,,,,,,,,,,,,,,,,,
30,5551,,,,,8mo,NA,Female,,,,81993,2/11/19,7/13/19,censor,NA,NA,NA,NA,NA,NA,NA,NA,NA,NA,NA,Negative,10,3.32,1,0,Negative,100,Negative,100,Negative,100,Negative,100,Negative,100,Negative,100,,,,,,,,,,,,,,,,,,
31,5571,,,,,20mo,NA,Male,,,,29441,3/2/19,3/4/19,mortality,NA,NA,NA,NA,NA,NA,NA,NA,3/4/19,TRUE,Negative,Negative,10,3.32,1,0,Negative,100,Negative,100,Negative,100,Negative,100,Negative,100,Negative,100,,,,,,,,,,,,,,,,,,
32,5593,,,,,20mo,NA,Female,,,,80581,2/18/19,2/1/20,mortality,NA,NA,NA,NA,NA,NA,NA,NA,2/1/20,TRUE,Pending,Negative,10,3.32,1,0,Negative,100,Negative,100,Negative,100,Negative,100,Negative,100,Negative,100,,,,,,,,,,,,,,,,,,
33,5655,,,,,>2yrs,2,Male,,,,24960,2/28/19,11/7/19,mortality,NA,NA,NA,NA,NA,NA,NA,NA,11/7/19,TRUE,Positive,Negative,10,3.32,1,0,Negative,100,Negative,100,Negative,100,Negative,100,Negative,100,Negative,100,,,,,,,,,,,,,,,,,,
34,5673,,,,,,,,,,,,,,,,,,,,,,,,,,Negative,10,3.32,1,0,Negative,100,Negative,100,Negative,100,Negative,100,Negative,100,Negative,100,,,,,,,,,,,,,,,,,,
35,5693,,,,,20mo,NA,Female,,,,NA,NA,NA,NA,84565,1/21/20,NA,NA,NA,NA,NA,NA,NA,Not tested,NA,Negative,10,3.32,1,0,Negative,100,Negative,100,Negative,100,Negative,100,Negative,100,Negative,100,,,,,,,,,,,,,,,,,,
36,5985,,,,,8mo,NA,Female,,,,82003,1/11/19,12/30/20,mortality,NA,NA,NA,NA,NA,NA,NA,NA,12/30/20,TRUE,Negative,Negative,10,3.32,1,0,Negative,100,Negative,100,Negative,100,Negative,100,Negative,100,Negative,100,,,,,,,,,,,,,,,,,,
37,6039,,,,,20mo,NA,Male,,,,24226,2/28/19,6/3/19,mortality,NA,NA,NA,NA,NA,NA,NA,NA,6/3/19,FALSE,NA,Negative,10,3.32,1,0,Negative,100,Negative,100,Negative,100,Negative,100,Negative,100,Negative,100,,,,,,,,,,,,,,,,,,
38,5119,,,,,8mo,NA,Female,,,,80584,2/3/18,1/15/20,censor,NA,NA,NA,NA,84571,1/15/20,NA,NA,2/14/23,TRUE,Positive,Negative,10,3.32,1,0,Negative,100,Negative,100,Negative,100,Negative,100,Negative,100,Negative,100,,,,,,,,,,,,,,,,,,
39,5553,,,,,20mo,NA,Female,,,,82034,3/4/19,10/25/19,mortality,NA,NA,NA,NA,NA,NA,NA,NA,10/25/19,TRUE,Negative,Negative,10,3.32,1,0,Negative,100,Negative,100,Negative,100,Negative,100,Negative,100,Negative,100,,,,,,,,,,,,,,,,,,
40,5573,,,,,20mo,NA,Male,,,,24218,2/28/19,3/12/19,censor,NA,NA,NA,NA,NA,NA,NA,NA,12/6/19,TRUE,Negative,Negative,10,3.32,1,0,Negative,100,Negative,100,Positive,200,Negative,100,Negative,100,Negative,100,,,,,,,,,,,,,,,,,,
41,5595,,,,,8mo,NA,Male,,,,29576,2/19/19,2/15/21,mortality,NA,NA,NA,NA,NA,NA,NA,NA,2/15/21,TRUE,Positive,Negative,10,3.32,1,0,Negative,100,Negative,100,Negative,100,Negative,100,Negative,100,Negative,100,,,,,,,,,,,,,,,,,,
42,5657,,,,,8mo,NA,Female,,,,82020,1/23/19,10/26/20,mortality,NA,NA,NA,NA,NA,NA,NA,NA,10/26/20,TRUE,Negative,Positive,40,5.32,1.6,0,Negative,100,Negative,100,Negative,100,Negative,100,Negative,100,Positive,800,,,,,,,,,,,,,,,,,,
43,5675,,,,,20mo,4,Female,,,,43294,2/21/19,4/15/19,mortality,NA,NA,NA,NA,NA,NA,NA,NA,4/15/19,TRUE,Positive,Negative,10,3.32,1,0,Negative,100,Negative,100,Negative,100,Negative,100,Negative,100,Positive,100,,,,,,,,,,,,,,,,,,
44,5695,,,,,>2yrs,5,Female,,,,82076,2/14/19,12/31/21,mortality,NA,NA,NA,NA,NA,NA,NA,NA,12/31/21,TRUE,Negative,Negative,10,3.32,1,0,Negative,100,Negative,100,Negative,100,Negative,100,Negative,100,Negative,100,,,,,,,,,,,,,,,,,,
45,6023,,,,,20mo,NA,Female,,,,82072,1/10/19,11/20/22,mortality,NA,NA,NA,NA,NA,NA,NA,NA,11/20/22,TRUE,Negative,Negative,10,3.32,1,0,Negative,100,Negative,100,Negative,100,Negative,100,Negative,100,Negative,100,,,,,,,,,,,,,,,,,,
46,6272,,,,,20mo,NA,Female,,,,43202,2/28/19,NA,NA,NA,NA,NA,NA,NA,NA,NA,NA,NA,FALSE,NA,Negative,10,3.32,1,0,Negative,100,Negative,100,Negative,100,Negative,100,Negative,100,Negative,100,,,,,,,,,,,,,,,,,,
47,5143,,,,,8mo,NA,Female,,,,80593,2/5/18,NA,NA,NA,NA,NA,NA,NA,NA,NA,NA,NA,NA,NA,Positive,160,7.32,2.2,0,Negative,100,Negative,100,Negative,100,Negative,100,Negative,100,Positive,800,,,,,,,,,,,,,,,,,,
48,5555,,,,,,,,,,,,,,,,,,,,,,,,,,Positive,160,7.32,2.2,0,Negative,100,Negative,100,Negative,100,Negative,100,Negative,100,Negative,100,,,,,,,,,,,,,,,,,,
49,5575,,,,,>2yrs,2,Female,,,,82059,3/6/19,12/14/20,mortality,NA,NA,NA,NA,NA,NA,NA,NA,12/14/20,TRUE,Positive,Negative,10,3.32,1,0,Negative,100,Negative,100,Negative,100,Negative,100,Negative,100,Negative,100,,,,,,,,,,,,,,,,,,
50,5597,,,,,20mo,NA,Male,,,,29550,2/22/19,11/6/20,mortality,NA,NA,NA,NA,NA,NA,NA,NA,11/6/20,TRUE,Positive,Negative,10,3.32,1,0,Negative,100,Negative,100,Negative,100,Negative,100,Negative,100,Negative,100,,,,,,,,,,,,,,,,,,
51,5659,,,,,>2yrs,15,Female,,,,43249,3/7/19,10/17/19,mortality,NA,NA,NA,NA,NA,NA,NA,NA,10/17/19,TRUE,Negative,Negative,10,3.32,1,0,Negative,100,Negative,100,Negative,100,Negative,100,Positive,100,Negative,100,,,,,,,,,,,,,,,,,,
52,5677,,,,,>2yrs,1,Female,,,,82042,2/16/19,11/30/21,censor,NA,NA,NA,NA,NA,NA,NA,NA,NA,NA,NA,Negative,10,3.32,1,0,Negative,100,Negative,100,Negative,100,Negative,100,Negative,100,Negative,100,,,,,,,,,,,,,,,,,,
53,5697,,,,,8mo,NA,Female,,,,82025,2/14/19,7/13/20,censor,NA,NA,NA,NA,NA,NA,NA,NA,11/23/21,TRUE,Negative,Negative,10,3.32,1,0,Positive,800,Negative,100,Negative,100,Negative,100,Negative,100,Negative,100,,,,,,,,,,,,,,,,,,
54,6025,,,,,>2yrs,9,Female,,,,82018,1/19/19,11/25/19,mortality,NA,NA,NA,NA,NA,NA,NA,NA,11/25/19,TRUE,Negative,Negative,10,3.32,1,0,Negative,100,Negative,100,Negative,100,Negative,100,Negative,100,Negative,100,,,,,,,,,,,,,,,,,,
55,6061,,,,,>2yrs,12,Female,,,,80614,1/10/19,2/10/20,mortality,NA,NA,NA,NA,NA,NA,NA,NA,2/10/20,TRUE,Positive,Negative,10,3.32,1,0,Negative,100,Negative,100,Negative,100,Negative,100,Negative,100,Negative,100,,,,,,,,,,,,,,,,,,
56,5153,,,,,8mo,NA,Female,,,,24971,1/24/18,7/28/18,censor,80646,12/28/18,9/16/21,censor,NA,NA,NA,NA,3/19/23,TRUE,Positive,Negative,10,3.32,1,0,Positive,100,Negative,100,Negative,100,Negative,100,Negative,100,Negative,100,,,,,,,,,,,,,,,,,,
57,5557,,,,,20mo,1,Male,,,,29438,2/19/19,12/1/19,mortality,NA,NA,NA,NA,NA,NA,NA,NA,12/1/19,TRUE,Negative,Negative,10,3.32,1,0,Negative,100,Negative,100,Negative,100,Negative,100,Negative,100,Negative,100,,,,,,,,,,,,,,,,,,
58,5577,,,,,8mo,NA,Female,,,,81992,3/12/19,11/26/19,mortality,NA,NA,NA,NA,NA,NA,NA,NA,11/26/19,TRUE,Negative,Negative,10,3.32,1,0,Negative,100,Negative,100,Negative,100,Negative,100,Negative,100,Negative,100,,,,,,,,,,,,,,,,,,
59,5631,,,,,>2yrs,NA,Female,,,,82070,1/26/19,1/6/21,mortality,NA,NA,NA,NA,NA,NA,NA,NA,1/6/21,TRUE,Negative,Negative,10,3.32,1,0,Negative,100,Negative,100,Negative,100,Negative,100,Negative,100,Negative,100,,,,,,,,,,,,,,,,,,
60,5661,,,,,>2yrs,1,Male,,,,24961,2/28/19,11/3/19,mortality,NA,NA,NA,NA,NA,NA,NA,NA,11/3/19,TRUE,Positive,Negative,10,3.32,1,0,Negative,100,Negative,100,Negative,100,Negative,100,Negative,100,Negative,100,,,,,,,,,,,,,,,,,,
61,5679,,,,,8mo,NA,Male,,,,29552,3/6/19,10/25/21,mortality,NA,NA,NA,NA,NA,NA,NA,NA,10/25/21,TRUE,Positive,Negative,10,3.32,1,0,Negative,100,Negative,100,Negative,100,Negative,100,Negative,100,Negative,100,,,,,,,,,,,,,,,,,,
62,5726,,,,,>2yrs,6,Female,,,,43225,2/10/17,1/12/20,censor,NA,NA,NA,NA,84600,1/12/20,NA,NA,NA,NA,NA,Negative,10,3.32,1,0,Negative,100,Negative,100,Negative,100,Negative,100,Negative,100,Negative,100,,,,,,,,,,,,,,,,,,
63,6876,,,,,,,,,,,,,,,,,,,,,,,,,,Negative,10,3.32,1,0,Negative,100,Negative,100,Negative,100,Negative,100,Negative,100,Negative,100,,,,,,,,,,,,,,,,,,
64,6444,,,,,8mo,NA,Male,,,,24969,1/1/19,12/30/19,censor,40435,12/30/19,3/30/20,mortality,NA,NA,NA,NA,3/30/20,FALSE,NA,Negative,10,3.32,1,0,Positive,400,Negative,100,Negative,100,Negative,100,Negative,100,Negative,100,,,,,,,,,,,,,,,,,,
65,5163,,,,,>2yrs,1,Male,,,,24980,2/2/18,1/2/19,censor,24973,2/6/19,10/12/19,censor,NA,NA,NA,NA,10/30/19,TRUE,Negative,Negative,10,3.32,1,0,Negative,100,Negative,100,Negative,100,Negative,100,Negative,100,Negative,100,,,,,,,,,,,,,,,,,,
66,5561,,,,,>2yrs,8,Female,,,,82048,2/11/19,6/2/19,mortality,NA,NA,NA,NA,NA,NA,NA,NA,6/2/19,TRUE,Negative,Negative,10,3.32,1,0,Negative,100,Negative,100,Negative,100,Negative,100,Negative,100,Negative,100,,,,,,,,,,,,,,,,,,
67,5579,,,,,8mo,NA,Male,,,,29554,1/4/19,3/8/20,mortality,NA,NA,NA,NA,NA,NA,NA,NA,3/8/20,TRUE,Positive,Negative,10,3.32,1,0,Negative,100,Negative,100,Negative,100,Negative,100,Negative,100,Negative,100,,,,,,,,,,,,,,,,,,
68,5637,,,,,8mo,NA,Male,,,,24205,3/7/19,3/1/21,mortality,NA,NA,NA,NA,NA,NA,NA,NA,3/1/21,TRUE,Negative,Negative,10,3.32,1,0,Negative,100,Negative,100,Positive,100,Negative,100,Negative,100,Negative,100,,,,,,,,,,,,,,,,,,
69,5663,,,,,8mo,NA,Male,,,,25007,2/18/19,10/5/19,censor,NA,NA,NA,NA,NA,NA,NA,NA,10/30/21,TRUE,Negative,Negative,10,3.32,1,0,Negative,100,Negative,100,Negative,100,Negative,100,Negative,100,Negative,100,,,,,,,,,,,,,,,,,,
70,5681,,,,,,,,,,,,,,,,,,,,,,,,,,Negative,10,3.32,1,0,Negative,100,Negative,100,Negative,100,Negative,100,Negative,100,Negative,100,,,,,,,,,,,,,,,,,,
71,5827,,,,,8mo,NA,Male,,,,24929,1/23/19,10/27/20,mortality,NA,NA,NA,NA,NA,NA,NA,NA,10/27/20,TRUE,Negative,Negative,10,3.32,1,0,Negative,100,Negative,100,Negative,100,Negative,100,Negative,100,Negative,100,,,,,,,,,,,,,,,,,,
72,6037,,,,,8mo,NA,Male,,,,29575,3/8/19,11/7/19,mortality,NA,NA,NA,NA,NA,NA,NA,NA,11/7/19,TRUE,Negative,Negative,10,3.32,1,0,Negative,100,Negative,100,Negative,100,Negative,100,Negative,100,Negative,100,,,,,,,,,,,,,,,,,,
73,5179,,,,,>2yrs,NA,Female,,,,80620,3/6/19,6/28/19,mortality,NA,NA,NA,NA,NA,NA,NA,NA,6/28/19,TRUE,Negative,Negative,10,3.32,1,0,Negative,100,Negative,100,Negative,100,Negative,100,Negative,100,Negative,100,,,,,,,,,,,,,,,,,,
74,5563,,,,,>2yrs,2,Female,,,,82023,2/19/19,10/11/22,mortality,NA,NA,NA,NA,NA,NA,NA,NA,10/11/22,TRUE,Negative,Negative,10,3.32,1,0,Negative,100,Negative,100,Negative,100,Negative,100,Negative,100,Negative,100,,,,,,,,,,,,,,,,,,
75,5581,,,,,20mo,2,Male,,,,29564,3/7/19,10/15/19,censor,NA,NA,NA,NA,NA,NA,NA,NA,NA,NA,NA,Positive,10,3.32,1,0,Negative,100,Negative,100,Negative,100,Negative,100,Negative,100,Negative,100,,,,,,,,,,,,,,,,,,
76,5647,,,,,8mo,NA,Male,,,,29427,3/3/19,3/25/21,censor,NA,NA,NA,NA,NA,NA,NA,NA,11/21/21,TRUE,Positive,Negative,10,3.32,1,0,Negative,100,Negative,100,Negative,100,Negative,100,Negative,100,Negative,100,,,,,,,,,,,,,,,,,,
77,5667,,,,,>2yrs,NA,Female,,,,81999,1/11/19,1/22/19,mortality,NA,NA,NA,NA,NA,NA,NA,NA,1/22/19,TRUE,Negative,Negative,10,3.32,1,0,Negative,100,Negative,100,Negative,100,Negative,100,Negative,100,Negative,100,,,,,,,,,,,,,,,,,,
78,5683,,,,,8mo,NA,Female,,,,82012,3/8/19,7/22/20,censor,NA,NA,NA,NA,NA,NA,NA,NA,10/10/21,FALSE,NA,Negative,10,3.32,1,0,Negative,100,Negative,100,Negative,100,Negative,100,Negative,100,Negative,100,,,,,,,,,,,,,,,,,,
79,5863,,,,,>2yrs,2,Female,,,,81997,2/13/19,3/13/19,mortality,NA,NA,NA,NA,NA,NA,NA,NA,3/13/19,TRUE,Positive,Negative,10,3.32,1,0,Negative,100,Negative,100,Negative,100,Negative,100,Positive,1600,Negative,100,,,,,,,,,,,,,,,,,,
80,6035,,,,,8mo,NA,Male,,,,29567,2/13/19,7/12/19,mortality,NA,NA,NA,NA,NA,NA,NA,NA,7/12/19,FALSE,NA,Positive,20,4.32,1.3,0,Negative,100,Negative,100,Negative,100,Negative,100,Negative,100,Negative,100,,,,,,,,,,,,,,,,,,
81,6510,,,,,8mo,NA,Male,,,,29431,2/10/19,4/1/19,censor,NA,NA,NA,NA,NA,NA,NA,NA,NA,NA,NA,Positive,10,3.32,1,0,Negative,100,Negative,100,Negative,100,Negative,100,Negative,100,Negative,100,,,,,,,,,,,,,,,,,,
82,6526,,,,,8mo,NA,Male,,,,29536,1/10/19,3/8/19,mortality,NA,NA,NA,NA,NA,NA,NA,NA,3/8/19,TRUE,Negative,Positive,10,3.32,1,0,Negative,100,Negative,100,Negative,100,Negative,100,Negative,100,Negative,100,,,,,,,,,,,,,,,,,,
83,6508,,,,,8mo,NA,Male,,,,29432,1/20/19,1/24/19,mortality,NA,NA,NA,NA,NA,NA,NA,NA,1/24/19,TRUE,Negative,Positive,10,3.32,1,0,Negative,100,Negative,100,Negative,100,Negative,100,Negative,100,Negative,100,,,,,,,,,,,,,,,,,,
84,6524,,,,,8mo,NA,Female,,,,82053,1/23/19,2/5/19,mortality,NA,NA,NA,NA,NA,NA,NA,NA,2/5/19,TRUE,Negative,Positive,10,3.32,1,0,Negative,100,Negative,100,Negative,100,Negative,100,Negative,100,Negative,100,,,,,,,,,,,,,,,,,,
85,6502,,,,,8mo,NA,Female,,,,82028,3/8/19,9/12/20,mortality,NA,NA,NA,NA,NA,NA,NA,NA,9/12/20,TRUE,Negative,Negative,10,3.32,1,0,Negative,100,Negative,100,Negative,100,Negative,100,Negative,100,Negative,100,,,,,,,,,,,,,,,,,,
86,6522,,,,,8mo,NA,Female,,,,82060,2/11/19,5/9/19,mortality,NA,NA,NA,NA,NA,NA,NA,NA,5/9/19,FALSE,NA,Negative,10,3.32,1,0,Negative,100,Negative,100,Negative,100,Negative,100,Negative,100,Negative,100,,,,,,,,,,,,,,,,,,
87,6518,,,,,8mo,NA,Female,,,,82054,1/23/19,7/22/20,censor,NA,NA,NA,NA,NA,NA,NA,NA,NA,NA,NA,Negative,10,3.32,1,0,Negative,100,Negative,100,Negative,100,Negative,100,Negative,100,Negative,100,,,,,,,,,,,,,,,,,,
88,6516,,,,,8mo,NA,Male,,,,29538,3/3/19,5/27/19,mortality,NA,NA,NA,NA,NA,NA,NA,NA,5/27/19,TRUE,Positive,Negative,10,3.32,1,0,Negative,100,Negative,100,Negative,100,Negative,100,Negative,100,Negative,100,,,,,,,,,,,,,,,,,,
89,6504,,,,,>2yrs,2,Male,,,,29553,2/19/19,12/26/19,censor,NA,NA,NA,NA,NA,NA,NA,NA,11/7/20,TRUE,Negative,Negative,10,3.32,1,0,Negative,100,Negative,100,Negative,100,Positive,200,Negative,100,Negative,100,,,,,,,,,,,,,,,,,,
90,6786,,,,,8mo,NA,Male,,,,29548,1/25/19,2/25/19,mortality,NA,NA,NA,NA,NA,NA,NA,NA,2/25/19,FALSE,NA,Negative,10,3.32,1,0,Negative,100,Negative,100,Negative,100,Negative,100,Negative,100,Positive,200,,,,,,,,,,,,,,,,,,
91,6788,,,,,8mo,NA,Female,,,,82011,1/21/19,7/6/19,censor,NA,NA,NA,NA,NA,NA,NA,NA,NA,NA,NA,Negative,10,3.32,1,0,Negative,100,Negative,100,Negative,100,Negative,100,Negative,100,Negative,100,,,,,,,,,,,,,,,,,,
92,6790,,,,,8mo,NA,Male,,,,24925,1/2/19,3/13/19,mortality,NA,NA,NA,NA,NA,NA,NA,NA,3/13/19,TRUE,Negative,Negative,10,3.32,1,0,Negative,100,Negative,100,Negative,100,Negative,100,Negative,100,Negative,100,,,,,,,,,,,,,,,,,,
93,6792,,,,,8mo,NA,Male,,,,24207,12/30/18,8/22/19,censor,NA,NA,NA,NA,NA,NA,NA,NA,NA,NA,NA,Negative,10,3.32,1,0,Negative,100,Negative,100,Negative,100,Negative,100,Negative,100,Negative,100,,,,,,,,,,,,,,,,,,
94,6794,,,,,>2yrs,NA,Female,,,,82019,2/13/19,10/15/20,mortality,NA,NA,NA,NA,NA,NA,NA,NA,10/15/20,TRUE,Negative,Negative,10,3.32,1,0,Negative,100,Negative,100,Negative,100,Negative,100,Negative,100,Negative,100,,,,,,,,,,,,,,,,,,
95,6796,,,,,20mo,NA,Female,,,,82038,1/19/19,NA,NA,NA,NA,NA,NA,NA,NA,NA,NA,NA,NA,NA,Negative,10,3.32,1,0,Negative,100,Negative,100,Negative,100,Negative,100,Negative,100,Negative,100,,,,,,,,,,,,,,,,,,
96,6798,,,,,20mo,NA,Female,,,,81989,2/11/19,8/17/20,censor,NA,NA,NA,NA,NA,NA,NA,NA,NA,NA,NA,Negative,10,3.32,1,0,Negative,100,Negative,100,Negative,100,Negative,100,Negative,100,Negative,100,,,,,,,,,,,,,,,,,,
97,6839,,,,,>2yrs,6,Female,,,,81990,3/5/19,11/14/20,mortality,NA,NA,NA,NA,NA,NA,NA,NA,11/14/20,TRUE,Positive,Negative,10,3.32,1,0,Negative,100,Negative,100,Negative,100,Negative,100,Negative,100,Positive,100,,,,,,,,,,,,,,,,,,
98,6870,,,,,>2yrs,4,Female,,,,81991,2/19/19,7/27/22,mortality,NA,NA,NA,NA,NA,NA,NA,NA,7/27/22,FALSE,Not tested,Negative,10,3.32,1,0,Negative,100,Negative,100,Negative,100,Positive,100,Negative,100,Negative,100,,,,,,,,,,,,,,,,,,
99,6766,,,,,8mo,NA,Male,,,,24941,1/20/19,2/28/19,mortality,NA,NA,NA,NA,NA,NA,NA,NA,2/28/19,TRUE,Negative,Negative,10,3.32,1,0,Negative,100,Negative,100,Negative,100,Negative,100,Negative,100,Negative,100,,,,,,,,,,,,,,,,,,
100,6768,,,,,8mo,NA,Male,,,,29446,1/28/19,8/6/19,censor,NA,NA,NA,NA,NA,NA,NA,NA,NA,NA,NA,Negative,10,3.32,1,0,Negative,100,Negative,100,Negative,100,Negative,100,Negative,100,Negative,100,,,,,,,,,,,,,,,,,,
101,6770,,,,,>2yrs,3,Female,,,,43240,12/29/18,6/14/20,mortality,NA,NA,NA,NA,NA,NA,NA,NA,6/14/20,FALSE,NA,Negative,10,3.32,1,0,Negative,100,Negative,100,Negative,100,Negative,100,Negative,100,Negative,100,,,,,,,,,,,,,,,,,,
102,6772,,,,,>2yrs,NA,Female,,,,82068,2/4/19,1/3/20,mortality,NA,NA,NA,NA,NA,NA,NA,NA,1/3/20,TRUE,Positive,Negative,10,3.32,1,0,Negative,100,Negative,100,Negative,100,Negative,100,Negative,100,Negative,100,,,,,,,,,,,,,,,,,,
103,6774,,,,,8mo,NA,Female,,,,82031,1/12/19,NA,NA,NA,NA,NA,NA,NA,NA,NA,NA,NA,NA,NA,Negative,10,3.32,1,0,Negative,100,Negative,100,Negative,100,Negative,100,Negative,100,Negative,100,,,,,,,,,,,,,,,,,,
104,6776,,,,,8mo,NA,Male,,,,29566,2/6/19,3/31/19,mortality,NA,NA,NA,NA,NA,NA,NA,NA,3/31/19,TRUE,Negative,Negative,10,3.32,1,0,Negative,100,Negative,100,Negative,100,Negative,100,Negative,100,Negative,100,,,,,,,,,,,,,,,,,,
105,6780,,,,,20mo,NA,Female,,,,82026,1/25/19,NA,NA,NA,NA,NA,NA,NA,NA,NA,NA,NA,NA,NA,Negative,10,3.32,1,0,Negative,100,Negative,100,Negative,100,Negative,100,Negative,100,Negative,100,,,,,,,,,,,,,,,,,,
106,6782,,,,,>2yrs,6,Female,,,,82000,2/1/19,NA,NA,NA,NA,NA,NA,NA,NA,NA,NA,NA,NA,NA,Negative,10,3.32,1,0,Negative,100,Negative,100,Negative,100,Negative,100,Negative,100,Negative,100,,,,,,,,,,,,,,,,,,
107,6784,,,,,8mo,NA,Female,,,,82030,1/10/19,4/9/19,mortality,NA,NA,NA,NA,NA,NA,NA,NA,4/9/19,TRUE,Negative,Negative,10,3.32,1,0,Negative,100,Negative,100,Negative,100,Negative,100,Negative,100,Negative,100,,,,,,,,,,,,,,,,,,
108,6742,,,,,>2yrs,NA,Female,,,,43208,2/19/19,4/8/19,mortality,NA,NA,NA,NA,NA,NA,NA,NA,4/8/19,TRUE,Positive,Negative,10,3.32,1,0,Negative,100,Negative,100,Positive,100,Negative,100,Negative,100,Negative,100,,,,,,,,,,,,,,,,,,
109,6744,,,,,8mo,NA,Male,,,,29562,1/18/19,9/25/20,mortality,NA,NA,NA,NA,NA,NA,NA,NA,9/25/20,TRUE,Negative,Negative,10,3.32,1,0,Negative,100,Negative,100,Positive,100,Positive,200,Negative,100,Negative,100,,,,,,,,,,,,,,,,,,
110,6746,,,,,8mo,NA,Male,,,,29565,1/18/19,10/10/20,mortality,NA,NA,NA,NA,NA,NA,NA,NA,10/10/20,TRUE,Negative,Negative,10,3.32,1,0,Negative,100,Negative,100,Negative,100,Negative,100,Negative,100,Negative,100,,,,,,,,,,,,,,,,,,
111,6748,,,,,>2yrs,5,Female,,,,82045,1/17/19,1/16/22,censor,NA,NA,NA,NA,NA,NA,NA,NA,NA,NA,NA,Negative,10,3.32,1,0,Negative,100,Negative,100,Negative,100,Negative,100,Negative,100,Negative,100,,,,,,,,,,,,,,,,,,
112,6752,,,,,20mo,NA,Male,,,,29541,1/10/19,11/29/19,mortality,NA,NA,NA,NA,NA,NA,NA,NA,11/29/19,TRUE,Negative,Negative,10,3.32,1,0,Negative,100,Negative,100,Negative,100,Negative,100,Negative,100,Negative,100,,,,,,,,,,,,,,,,,,
113,6756,,,,,20mo,2,Female,,,,80573,1/4/19,2/10/19,mortality,NA,NA,NA,NA,NA,NA,NA,NA,2/10/19,TRUE,Positive,Negative,10,3.32,1,0,Negative,100,Negative,100,Negative,100,Negative,100,Negative,100,Negative,100,,,,,,,,,,,,,,,,,,
114,6758,,,,,8mo,NA,Female,,,,80605,12/28/18,5/31/20,censor,NA,NA,NA,NA,NA,NA,NA,NA,NA,NA,NA,Negative,10,3.32,1,0,Negative,100,Negative,100,Negative,100,Negative,100,Negative,100,Negative,100,,,,,,,,,,,,,,,,,,
115,6760,,,,,8mo,NA,Female,,,,82022,2/1/19,7/3/21,censor,NA,NA,NA,NA,NA,NA,NA,NA,NA,NA,NA,Negative,10,3.32,1,0,Negative,100,Negative,100,Negative,100,Negative,100,Negative,100,Negative,100,,,,,,,,,,,,,,,,,,
116,6762,,,,,>2yrs,3,Female,,,,82062,2/6/19,11/30/19,mortality,NA,NA,NA,NA,NA,NA,NA,NA,11/30/19,TRUE,Negative,Negative,10,3.32,1,0,Negative,100,Negative,100,Negative,100,Negative,100,Negative,100,Negative,100,,,,,,,,,,,,,,,,,,
117,6652,,,,,8mo,NA,Male,,,,24209,3/15/19,1/7/20,censor,24224,2/20/20,9/23/20,mortality,NA,NA,NA,NA,9/23/20,TRUE,Pending,Negative,10,3.32,1,0,Negative,100,Negative,100,Negative,100,Negative,100,Negative,100,Negative,100,,,,,,,,,,,,,,,,,,
118,6642,,,,,8mo,NA,Female,,,,82002,3/15/19,2/25/20,mortality,NA,NA,NA,NA,NA,NA,NA,NA,2/25/20,TRUE,Negative,Negative,10,3.32,1,0,Negative,100,Negative,100,Negative,100,Negative,100,Negative,100,Negative,100,,,,,,,,,,,,,,,,,,
119,6648,,,,,8mo,NA,Male,,,,24967,3/15/19,2/1/21,censor,NA,NA,NA,NA,NA,NA,NA,NA,NA,NA,NA,Negative,10,3.32,1,0,Negative,100,Negative,100,Negative,100,Negative,100,Negative,100,Negative,100,,,,,,,,,,,,,,,,,,
120,6663,,,,,8mo,NA,Female,,,,80582,3/17/19,8/23/19,mortality,NA,NA,NA,NA,NA,NA,NA,NA,8/23/19,FALSE,NA,Negative,10,3.32,1,0,Negative,100,Negative,100,Negative,100,Negative,100,Positive,100,Negative,100,,,,,,,,,,,,,,,,,,
121,6704,,,,,8mo,NA,Male,,,,24228,3/15/19,11/25/19,mortality,NA,NA,NA,NA,NA,NA,NA,NA,11/25/19,TRUE,Negative,Negative,10,3.32,1,0,Negative,100,Negative,100,Negative,100,Negative,100,Negative,100,Negative,100,,,,,,,,,,,,,,,,,,
122,6710,,,,,8mo,NA,Male,,,,24943,2/21/19,1/4/21,censor,NA,NA,NA,NA,NA,NA,NA,NA,NA,NA,NA,Negative,10,3.32,1,0,Negative,100,Negative,100,Negative,100,Negative,100,Negative,100,Negative,100,,,,,,,,,,,,,,,,,,
123,6732,,,,,>2yrs,4,Male,,,,24953,3/1/19,11/25/19,mortality,NA,NA,NA,NA,NA,NA,NA,NA,11/25/19,TRUE,Positive,Negative,10,3.32,1,0,Negative,100,Negative,100,Negative,100,Negative,100,Negative,100,Negative,100,,,,,,,,,,,,,,,,,,
124,6736,,,,,>2yrs,1,Female,,,,43210,3/3/19,4/8/20,mortality,NA,NA,NA,NA,NA,NA,NA,NA,4/8/20,TRUE,Positive,Negative,10,3.32,1,0,Negative,100,Negative,100,Negative,100,Negative,100,Negative,100,Negative,100,,,,,,,,,,,,,,,,,,
125,6740,,,,,8mo,NA,Male,,,,29443,1/27/19,11/22/20,mortality,NA,NA,NA,NA,NA,NA,NA,NA,11/22/20,TRUE,Positive,Negative,10,3.32,1,0,Negative,100,Negative,100,Negative,100,Negative,100,Negative,100,Negative,100,,,,,,,,,,,,,,,,,,
126,6592,,,,,>2yrs,9,Female,,,,82056,1/28/19,12/21/20,mortality,NA,NA,NA,NA,NA,NA,NA,NA,12/21/20,TRUE,Positive,Negative,10,3.32,1,0,Negative,100,Negative,100,Positive,100,Negative,100,Positive,200,Positive,100,,,,,,,,,,,,,,,,,,
127,6596,,,,,>2yrs,1,Female,,,,82010,3/8/19,6/9/20,censor,NA,NA,NA,NA,NA,NA,NA,NA,NA,NA,NA,Negative,10,3.32,1,0,Negative,100,Negative,100,Negative,100,Negative,100,Negative,100,Negative,100,,,,,,,,,,,,,,,,,,
128,6598,,,,,20mo,NA,Male,,,,24222,1/10/19,3/16/20,censor,NA,NA,NA,NA,NA,NA,NA,NA,11/3/20,TRUE,Positive,Negative,10,3.32,1,0,Negative,100,Negative,100,Negative,100,Negative,100,Negative,100,Negative,100,,,,,,,,,,,,,,,,,,
129,6600,,,,,8mo,NA,Female,,,,82037,3/17/19,4/7/20,mortality,NA,NA,NA,NA,NA,NA,NA,NA,4/7/20,TRUE,Negative,Negative,10,3.32,1,0,Negative,100,Negative,100,Negative,100,Negative,100,Negative,100,Negative,100,,,,,,,,,,,,,,,,,,
130,6612,,,,,>2yrs,7,Female,,,,82001,3/11/19,3/2/21,mortality,NA,NA,NA,NA,NA,NA,NA,NA,3/2/21,TRUE,Positive,Negative,10,3.32,1,0,Negative,100,Negative,100,Negative,100,Negative,100,Negative,100,Negative,100,,,,,,,,,,,,,,,,,,
131,6614,,,,,,,,,,,,,,,,,,,,,,,,,,Negative,10,3.32,1,0,Negative,100,Negative,100,Negative,100,Negative,100,Negative,100,Negative,100,,,,,,,,,,,,,,,,,,
132,6616,,,,,>2yrs,NA,Female,,,,43228,3/11/19,4/10/21,mortality,NA,NA,NA,NA,NA,NA,NA,NA,4/10/21,TRUE,Pending,Negative,10,3.32,1,0,Negative,100,Negative,100,Negative,100,Negative,100,Negative,100,Negative,100,,,,,,,,,,,,,,,,,,
133,6618,,,,,8mo,NA,Female,,,,81988,3/11/19,8/15/19,mortality,NA,NA,NA,NA,NA,NA,NA,NA,8/15/19,TRUE,Negative,Negative,10,3.32,1,0,Negative,100,Negative,100,Negative,100,Negative,100,Negative,100,Negative,100,,,,,,,,,,,,,,,,,,
134,6622,,,,,8mo,NA,Male,,,,24233,3/11/19,3/28/19,censor,NA,NA,NA,NA,NA,NA,NA,NA,NA,NA,NA,Negative,10,3.32,1,0,Negative,100,Negative,100,Negative,100,Negative,100,Negative,100,Negative,100,,,,,,,,,,,,,,,,,,
135,6572,,,,,8mo,NA,Female,,,,81990,2/9/19,2/11/19,mortality,NA,NA,NA,NA,NA,NA,NA,NA,2/11/19,TRUE,Negative,Negative,10,3.32,1,0,Negative,100,Negative,100,Negative,100,Negative,100,Negative,100,Negative,100,,,,,,,,,,,,,,,,,,
136,6574,,,,,>2yrs,4,Female,,,,82049,1/10/19,NA,NA,NA,NA,NA,NA,NA,NA,NA,NA,NA,NA,NA,Negative,10,3.32,1,0,Negative,100,Negative,100,Negative,100,Negative,100,Negative,100,Negative,100,,,,,,,,,,,,,,,,,,
137,6576,,,,,8mo,NA,Male,,,,24203,1/20/19,1/23/20,mortality,NA,NA,NA,NA,NA,NA,NA,NA,1/23/20,TRUE,Negative,Negative,10,3.32,1,0,Negative,100,Negative,100,Negative,100,Negative,100,Negative,100,Negative,100,,,,,,,,,,,,,,,,,,
138,6578,,,,,8mo,NA,Female,,,,81987,1/19/19,6/4/19,mortality,NA,NA,NA,NA,NA,NA,NA,NA,6/4/19,TRUE,Negative,Negative,10,3.32,1,0,Negative,100,Negative,100,Negative,100,Negative,100,Negative,100,Negative,100,,,,,,,,,,,,,,,,,,
139,6580,,,,,8mo,NA,Female,,,,82061,1/10/19,1/16/19,mortality,NA,NA,NA,NA,NA,NA,NA,NA,1/16/19,TRUE,Negative,Negative,10,3.32,1,0,Negative,100,Negative,100,Negative,100,Negative,100,Negative,100,Negative,100,,,,,,,,,,,,,,,,,,
140,6582,,,,,8mo,NA,Female,,,,80613,1/2/19,7/10/20,mortality,NA,NA,NA,NA,NA,NA,NA,NA,7/10/20,TRUE,Positive,Negative,10,3.32,1,0,Negative,100,Negative,100,Negative,100,Negative,100,Negative,100,Negative,100,,,,,,,,,,,,,,,,,,
141,6584,,,,,>2yrs,4,Male,,,,29540,1/27/19,3/4/19,mortality,NA,NA,NA,NA,NA,NA,NA,NA,3/4/19,TRUE,Positive,Negative,10,3.32,1,0,Negative,100,Negative,100,Negative,100,Negative,100,Negative,100,Negative,100,,,,,,,,,,,,,,,,,,
142,6588,,,,,8mo,NA,Male,,,,29538,1/26/19,1/27/19,censor,NA,NA,NA,NA,NA,NA,NA,NA,11/24/20,FALSE,NA,Negative,10,3.32,1,0,Negative,100,Negative,100,Negative,100,Negative,100,Negative,100,Negative,100,,,,,,,,,,,,,,,,,,
143,6590,,,,,8mo,NA,Male,,,,29428,1/28/19,10/15/20,censor,NA,NA,NA,NA,NA,NA,NA,NA,10/27/20,TRUE,Positive,Negative,10,3.32,1,0,Negative,100,Negative,100,Negative,100,Negative,100,Negative,100,Negative,100,,,,,,,,,,,,,,,,,,
144,6550,,,,,8mo,NA,Male,,,,24974,1/3/19,11/23/19,mortality,NA,NA,NA,NA,NA,NA,NA,NA,11/23/19,TRUE,Negative,Negative,10,3.32,1,0,Negative,100,Negative,100,Negative,100,Negative,100,Negative,100,Negative,100,,,,,,,,,,,,,,,,,,
145,6552,,,,,20mo,NA,Female,,,,82051,1/10/19,12/27/20,mortality,NA,NA,NA,NA,NA,NA,NA,NA,12/27/20,TRUE,Positive,Negative,10,3.32,1,0,Negative,100,Negative,100,Negative,100,Negative,100,Negative,100,Negative,100,,,,,,,,,,,,,,,,,,
146,6554,,,,,>2yrs,9,Female,,,,82009,1/10/19,1/5/23,censor,NA,NA,NA,NA,NA,NA,NA,NA,NA,NA,NA,Negative,10,3.32,1,0,Negative,100,Negative,100,Negative,100,Negative,100,Negative,100,Negative,100,,,,,,,,,,,,,,,,,,
147,6556,,,,,,,,,,,,,,,,,,,,,,,,,,Negative,10,3.32,1,0,Negative,100,Negative,100,Negative,100,Negative,100,Negative,100,Negative,100,,,,,,,,,,,,,,,,,,
148,6558,,,,,8mo,NA,Female,,,,81995,1/28/19,11/28/20,mortality,NA,NA,NA,NA,NA,NA,NA,NA,11/28/20,TRUE,Positive,Negative,10,3.32,1,0,Negative,100,Negative,100,Negative,100,Negative,100,Negative,100,Negative,100,,,,,,,,,,,,,,,,,,
149,6560,,,,,>2yrs,2,Female,,,,82014,2/14/19,7/8/19,mortality,NA,NA,NA,NA,NA,NA,NA,NA,7/8/19,TRUE,Positive,Negative,10,3.32,1,0,Negative,100,Negative,100,Negative,100,Negative,100,Negative,100,Negative,100,,,,,,,,,,,,,,,,,,
150,6562,,,,,8mo,NA,Male,,,,28434,1/20/19,12/3/19,censor,NA,NA,NA,NA,NA,NA,NA,NA,11/14/21,TRUE,Negative,Negative,10,3.32,1,0,Negative,100,Negative,100,Negative,100,Negative,100,Negative,100,Negative,100,,,,,,,,,,,,,,,,,,
151,6566,,,,,8mo,NA,Female,,,,82075,2/6/19,3/16/19,mortality,NA,NA,NA,NA,NA,NA,NA,NA,3/16/19,TRUE,Negative,Negative,10,3.32,1,0,Negative,100,Negative,100,Negative,100,Negative,100,Negative,100,Negative,100,,,,,,,,,,,,,,,,,,
152,6570,,,,,>2yrs,4,Male,,,,29547,2/5/19,10/31/20,mortality,NA,NA,NA,NA,NA,NA,NA,NA,10/31/20,TRUE,Positive,Negative,10,3.32,1,0,Negative,100,Negative,100,Negative,100,Negative,100,Negative,100,Negative,100,,,,,,,,,,,,,,,,,,
153,6528,,,,,>2yrs,5,Female,,,,82015,1/27/19,7/17/19,censor,NA,NA,NA,NA,NA,NA,NA,NA,NA,NA,NA,Negative,10,3.32,1,0,Negative,100,Negative,100,Negative,100,Negative,100,Negative,100,Negative,100,,,,,,,,,,,,,,,,,,
154,6530,,,,,8mo,NA,Male,,,,29557,3/5/19,1/4/20,mortality,NA,NA,NA,NA,NA,NA,NA,NA,1/4/20,TRUE,Positive,Negative,10,3.32,1,0,Negative,100,Negative,100,Negative,100,Negative,100,Negative,100,Negative,100,,,,,,,,,,,,,,,,,,
155,6534,,,,,20mo,NA,Male,,,,29558,1/25/19,11/16/20,mortality,NA,NA,NA,NA,NA,NA,NA,NA,11/16/20,TRUE,Positive,Negative,10,3.32,1,0,Positive,100,Negative,100,Positive,100,Negative,100,Negative,100,Negative,100,,,,,,,,,,,,,,,,,,
156,6536,,,,,>2yrs,1,Female,,,,82027,1/12/19,3/1/22,mortality,NA,NA,NA,NA,NA,NA,NA,NA,3/1/22,TRUE,Positive,Negative,10,3.32,1,0,Negative,100,Negative,100,Negative,100,Negative,100,Negative,100,Negative,100,,,,,,,,,,,,,,,,,,
157,6540,,,,,20mo,1,Female,,,,82043,2/1/19,3/15/21,censor,NA,NA,NA,NA,NA,NA,NA,NA,NA,FALSE,NA,Positive,20,4.32,1.3,0,Negative,100,Negative,100,Negative,100,Negative,100,Negative,100,Negative,100,,,,,,,,,,,,,,,,,,
158,6542,,,,,8mo,NA,Male,,,,29440,1/17/19,5/18/20,censor,NA,NA,NA,NA,NA,NA,NA,NA,NA,NA,NA,Negative,10,3.32,1,0,Negative,100,Negative,100,Negative,100,Negative,100,Negative,100,Negative,100,,,,,,,,,,,,,,,,,,
159,6544,,,,,>2yrs,2,Female,,,,82006,1/24/19,5/1/19,mortality,NA,NA,NA,NA,NA,NA,NA,NA,5/1/19,FALSE,NA,Negative,10,3.32,1,0,Negative,100,Negative,100,Negative,100,Negative,100,Negative,100,Negative,100,,,,,,,,,,,,,,,,,,
160,6546,,,,,>2yrs,2,Female,,,,82033,1/11/19,6/17/22,censor,NA,NA,NA,NA,NA,NA,NA,NA,NA,NA,NA,Negative,10,3.32,1,0,Negative,100,Negative,100,Negative,100,Negative,100,Negative,100,Negative,100,,,,,,,,,,,,,,,,,,
161,6548,,,,,>2yrs,2,Female,,,,82029,2/21/19,7/11/20,mortality,NA,NA,NA,NA,NA,NA,NA,NA,7/11/20,TRUE,Positive,Negative,10,3.32,1,0,Negative,100,Negative,100,Negative,100,Negative,100,Negative,100,Negative,100,,,,,,,,,,,,,,,,,,
162,7828,,,,,20mo,NA,Male,,,,29571,1/26/19,6/3/19,mortality,NA,NA,NA,NA,NA,NA,NA,NA,6/3/19,TRUE,Negative,Negative,10,3.32,1,0,Negative,100,Negative,100,Positive,100,Negative,100,Negative,100,Positive,200,,,,,,,,,,,,,,,,,,
163,7191,,,,,8mo,NA,Male,,,,24921,2/18/19,3/11/19,mortality,NA,NA,NA,NA,NA,NA,NA,NA,3/11/19,TRUE,Negative,Negative,10,3.32,1,0,Negative,100,Negative,100,Negative,100,Negative,100,Negative,100,Negative,100,,,,,,,,,,,,,,,,,,
164,7193,,,,,>2yrs,8,Female,,,,80627,1/1/19,7/3/20,censor,NA,NA,NA,NA,NA,NA,NA,NA,NA,NA,NA,Negative,10,3.32,1,0,Negative,100,Negative,100,Negative,100,Negative,100,Negative,100,Negative,100,,,,,,,,,,,,,,,,,,
165,7098,,,,,20mo,NA,Female,,,,43254,3/5/19,7/5/21,censor,NA,NA,NA,NA,NA,NA,NA,NA,12/25/22,FALSE,Not tested,Negative,10,3.32,1,0,Negative,100,Negative,100,Negative,100,Negative,100,Negative,100,Negative,100,,,,,,,,,,,,,,,,,,
166,6959,,,,,20mo,NA,Male,,,,24208,2/19/19,2/28/20,mortality,NA,NA,NA,NA,NA,NA,NA,NA,2/28/20,TRUE,Negative,Negative,10,3.32,1,0,Negative,100,Negative,100,Negative,100,Negative,100,Negative,100,Negative,100,,,,,,,,,,,,,,,,,,
167,7830,,,,,>2yrs,NA,Female,,,,82073,1/18/19,12/29/20,censor,NA,NA,NA,NA,NA,NA,NA,NA,NA,NA,NA,Negative,10,3.32,1,0,Negative,100,Negative,100,Negative,100,Negative,100,Negative,100,Negative,100,,,,,,,,,,,,,,,,,,
168,7850,,,,,>2yrs,8,Female,,,,82057,1/10/19,2/15/20,mortality,NA,NA,NA,NA,NA,NA,NA,NA,2/15/20,TRUE,Negative,Negative,10,3.32,1,0,Negative,100,Negative,100,Negative,100,Negative,100,Negative,100,Negative,100,,,,,,,,,,,,,,,,,,
169,7256,,,,,8mo,NA,Female,,,,82002,1/25/19,3/13/19,mortality,NA,NA,NA,NA,NA,NA,NA,NA,3/13/19,TRUE,Negative,Negative,10,3.32,1,0,Negative,100,Negative,100,Negative,100,Negative,100,Negative,100,Negative,100,,,,,,,,,,,,,,,,,,
170,7189,,,,,8mo,NA,Male,,,,24981,2/1/19,2/14/21,mortality,NA,NA,NA,NA,NA,NA,NA,NA,2/14/21,TRUE,Negative,Negative,10,3.32,1,0,Negative,100,Negative,100,Negative,100,Negative,100,Negative,100,Negative,100,,,,,,,,,,,,,,,,,,
171,7096,,,,,>2yrs,3,Male,,,,29426,3/7/19,8/4/21,censor,NA,NA,NA,NA,NA,NA,NA,NA,NA,NA,NA,Negative,10,3.32,1,0,Negative,100,Negative,100,Negative,100,Negative,100,Negative,100,Negative,100,,,,,,,,,,,,,,,,,,
172,6981,,,,,>2yrs,9,Female,,,,43260,2/18/19,8/17/20,censor,NA,NA,NA,NA,NA,NA,NA,NA,NA,NA,NA,Negative,10,3.32,1,0,Negative,100,Negative,100,Negative,100,Negative,100,Negative,100,Negative,100,,,,,,,,,,,,,,,,,,
173,6951,,,,,8mo,NA,Male,,,,29542,2/13/19,10/27/20,censor,NA,NA,NA,NA,NA,NA,NA,NA,11/26/20,TRUE,Positive,Negative,10,3.32,1,0,Negative,100,Negative,100,Negative,100,Negative,100,Negative,100,Negative,100,,,,,,,,,,,,,,,,,,
174,7834,,,,,>2yrs,3,Male,,,,29451,1/27/19,10/30/19,censor,NA,NA,NA,NA,NA,NA,NA,NA,11/20/22,TRUE,Negative,Negative,10,3.32,1,0,Negative,100,Negative,100,Negative,100,Negative,100,Negative,100,Negative,100,,,,,,,,,,,,,,,,,,
175,7826,,,,,>2yrs,4,Female,,,,82066,2/6/19,5/21/21,censor,NA,NA,NA,NA,NA,NA,NA,NA,NA,NA,NA,Negative,10,3.32,1,0,Negative,100,Negative,100,Negative,100,Negative,100,Negative,100,Negative,100,,,,,,,,,,,,,,,,,,
176,7247,,,,,>2yrs,15,Female,,,,82046,1/18/19,3/22/19,mortality,NA,NA,NA,NA,NA,NA,NA,NA,3/22/19,TRUE,Negative,Negative,10,3.32,1,0,Negative,100,Negative,100,Negative,100,Negative,100,Negative,100,Negative,100,,,,,,,,,,,,,,,,,,
177,7104,,,,,,,,,,,,,,,,,,,,,,,,,,Negative,10,3.32,1,0,Negative,100,Negative,100,Negative,100,Negative,100,Negative,100,Negative,100,,,,,,,,,,,,,,,,,,
178,6991,,,,,8mo,NA,Male,,,,24206,3/4/19,4/24/19,mortality,NA,NA,NA,NA,NA,NA,NA,NA,4/24/19,TRUE,Negative,Negative,10,3.32,1,0,Negative,100,Negative,100,Negative,100,Negative,100,Negative,100,Negative,100,,,,,,,,,,,,,,,,,,
179,6979,,,,,8mo,NA,Female,,,,82037,2/6/19,3/11/19,mortality,NA,NA,NA,NA,NA,NA,NA,NA,3/11/19,TRUE,Negative,Negative,10,3.32,1,0,Negative,100,Negative,100,Negative,100,Negative,100,Negative,100,Negative,100,,,,,,,,,,,,,,,,,,
180,7852,,,,,8mo,NA,Male,,,,24209,12/30/18,2/27/19,mortality,NA,NA,NA,NA,NA,NA,NA,NA,2/27/19,TRUE,Negative,Negative,10,3.32,1,0,Negative,100,Negative,100,Negative,100,Negative,100,Negative,100,Negative,100,,,,,,,,,,,,,,,,,,
181,7824,,,,,8mo,NA,Female,,,,82067,2/1/19,2/28/19,mortality,NA,NA,NA,NA,NA,NA,NA,NA,2/28/19,FALSE,NA,Negative,10,3.32,1,0,Negative,100,Negative,100,Negative,100,Negative,100,Negative,100,Negative,100,,,,,,,,,,,,,,,,,,
182,7185,,,,,>2yrs,2,Female,,,,82024,1/23/19,11/7/20,censor,NA,NA,NA,NA,NA,NA,NA,NA,NA,Not tested,NA,Negative,10,3.32,1,0,Negative,100,Negative,100,Negative,100,Negative,100,Negative,100,Negative,100,,,,,,,,,,,,,,,,,,
183,7102,,,,,,,,,,,,,,,,,,,,,,,,,,Negative,10,3.32,1,0,Negative,100,Negative,100,Negative,100,Negative,100,Negative,100,Negative,100,,,,,,,,,,,,,,,,,,
184,7027,,,,,>2yrs,NA,Female,,,,82061,3/4/19,4/3/22,mortality,NA,NA,NA,NA,NA,NA,NA,NA,4/3/22,TRUE,Pending,Negative,10,3.32,1,0,Negative,100,Negative,100,Negative,100,Negative,100,Negative,100,Negative,100,,,,,,,,,,,,,,,,,,
185,6989,,,,,8mo,NA,Female,,,,82067,3/8/19,7/13/20,censor,NA,NA,NA,NA,NA,NA,NA,NA,NA,NA,NA,Negative,10,3.32,1,0,Negative,100,Negative,100,Negative,100,Negative,100,Negative,100,Negative,100,,,,,,,,,,,,,,,,,,
186,6977,,,,,8mo,NA,Male,,,,29439,2/16/19,8/13/20,censor,NA,NA,NA,NA,NA,NA,NA,NA,NA,NA,NA,Negative,10,3.32,1,0,Negative,100,Negative,100,Negative,100,Negative,100,Negative,100,Negative,100,,,,,,,,,,,,,,,,,,
187,6944,,,,,20mo,NA,Female,,,,82055,2/19/19,5/22/21,censor,NA,NA,NA,NA,NA,NA,NA,NA,NA,NA,NA,Negative,10,3.32,1,0,Negative,100,Negative,100,Negative,100,Negative,100,Negative,100,Negative,100,,,,,,,,,,,,,,,,,,
188,7854,,,,,20mo,NA,Female,,,,82036,1/20/19,7/22/20,censor,NA,NA,NA,NA,NA,NA,NA,NA,NA,FALSE,NA,Negative,10,3.32,1,0,Negative,100,Negative,100,Negative,100,Negative,100,Negative,100,Negative,100,,,,,,,,,,,,,,,,,,
189,7195,,,,,20mo,NA,Female,,,,82007,2/1/19,3/8/19,mortality,NA,NA,NA,NA,NA,NA,NA,NA,3/8/19,TRUE,Negative,Negative,10,3.32,1,0,Negative,100,Negative,100,Negative,100,Negative,100,Negative,100,Negative,100,,,,,,,,,,,,,,,,,,
190,7183,,,,,>2yrs,4,Female,,,,82017,1/23/19,2/14/21,mortality,NA,NA,NA,NA,NA,NA,NA,NA,2/14/21,TRUE,Pending,Negative,10,3.32,1,0,Negative,100,Negative,100,Negative,100,Negative,100,Negative,100,Negative,100,,,,,,,,,,,,,,,,,,
191,7106,,,,,8mo,NA,Male,,,,24962,2/6/19,11/2/20,mortality,NA,NA,NA,NA,NA,NA,NA,NA,11/2/20,TRUE,Negative,Negative,10,3.32,1,0,Negative,100,Negative,100,Negative,100,Negative,100,Negative,100,Negative,100,,,,,,,,,,,,,,,,,,
192,7029,,,,,>2yrs,4,Female,,,,43221,3/2/19,6/10/19,censor,NA,NA,NA,NA,NA,NA,NA,NA,NA,NA,NA,Negative,10,3.32,1,0,Negative,100,Negative,100,Negative,100,Negative,100,Negative,100,Negative,100,,,,,,,,,,,,,,,,,,
193,6987,,,,,,,,,,,,,,,,,,,,,,,,,,Negative,10,3.32,1,0,Negative,100,Negative,100,Negative,100,Negative,100,Negative,100,Negative,100,,,,,,,,,,,,,,,,,,
194,6975,,,,,20mo,NA,Female,,,,82041,2/16/19,7/20/20,censor,NA,NA,NA,NA,NA,NA,NA,NA,NA,NA,NA,Negative,10,3.32,1,0,Negative,100,Negative,100,Negative,100,Negative,100,Negative,100,Negative,100,,,,,,,,,,,,,,,,,,
195,6953,,,,,>2yrs,3,Female,,,,82039,2/16/19,9/11/20,censor,NA,NA,NA,NA,NA,NA,NA,NA,NA,NA,NA,Negative,10,3.32,1,0,Negative,100,Negative,100,Negative,100,Negative,100,Negative,100,Negative,100,,,,,,,,,,,,,,,,,,
196,7179,,,,,8mo,NA,Female,,,,82032,1/21/19,11/21/21,mortality,NA,NA,NA,NA,NA,NA,NA,NA,11/21/21,TRUE,Positive,Negative,10,3.32,1,0,Negative,100,Negative,100,Negative,100,Negative,100,Negative,100,Negative,100,,,,,,,,,,,,,,,,,,
197,7123,,,,,8mo,NA,Male,,,,24922,2/19/19,4/22/20,censor,NA,NA,NA,NA,NA,NA,NA,NA,NA,NA,NA,Negative,10,3.32,1,0,Negative,100,Negative,100,Negative,100,Negative,100,Negative,100,Negative,100,,,,,,,,,,,,,,,,,,
198,7004,,,,,8mo,NA,Male,,,,24924,2/13/19,11/29/20,mortality,NA,NA,NA,NA,NA,NA,NA,NA,11/29/20,TRUE,Positive,Negative,10,3.32,1,0,Negative,100,Negative,100,Negative,100,Negative,100,Negative,100,Negative,100,,,,,,,,,,,,,,,,,,
199,6985,,,,,8mo,NA,Male,,,,24937,2/21/19,8/24/19,mortality,NA,NA,NA,NA,NA,NA,NA,NA,8/24/19,FALSE,NA,Negative,10,3.32,1,0,Negative,100,Negative,100,Negative,100,Negative,100,Negative,100,Negative,100,,,,,,,,,,,,,,,,,,
200,6965,,,,,8mo,NA,Female,,,,82064,2/15/19,4/10/20,mortality,NA,NA,NA,NA,NA,NA,NA,NA,4/10/20,TRUE,Positive,Negative,10,3.32,1,0,Negative,100,Negative,100,Negative,100,Negative,100,Negative,100,Negative,100,,,,,,,,,,,,,,,,,,
201,6921,,,,,8mo,NA,Male,,,,24954,3/1/19,7/13/20,censor,NA,NA,NA,NA,NA,NA,NA,NA,NA,NA,NA,Negative,10,3.32,1,0,Negative,100,Negative,100,Negative,100,Negative,100,Negative,100,Negative,100,,,,,,,,,,,,,,,,,,
202,7832,,,,,8mo,NA,Female,,,,80620,12/29/18,1/1/19,mortality,NA,NA,NA,NA,NA,NA,NA,NA,1/1/19,TRUE,Negative,Negative,10,3.32,1,0,Negative,100,Negative,100,Negative,100,Negative,100,Negative,100,Negative,100,,,,,,,,,,,,,,,,,,
203,7197,,,,,8mo,NA,Female,,,,82074,1/19/19,2/17/20,mortality,NA,NA,NA,NA,NA,NA,NA,NA,2/17/20,TRUE,Negative,Negative,10,3.32,1,0,Negative,100,Negative,100,Negative,100,Negative,100,Negative,100,Negative,100,,,,,,,,,,,,,,,,,,
204,7177,,,,,,,,,,,,,,,,,,,,,,,,,,Negative,10,3.32,1,0,Negative,100,Negative,100,Negative,100,Negative,100,Negative,100,Negative,100,,,,,,,,,,,,,,,,,,
205,7121,,,,,,,,,,,,,,,,,,,,,,,,,,Negative,10,3.32,1,0,Negative,100,Negative,100,Negative,100,Negative,100,Negative,100,Negative,100,,,,,,,,,,,,,,,,,,
206,7011,,,,,8mo,NA,Male,,,,29452,2/28/19,10/30/20,mortality,NA,NA,NA,NA,NA,NA,NA,NA,10/30/20,TRUE,Positive,Negative,10,3.32,1,0,Negative,100,Negative,100,Negative,100,Negative,100,Negative,100,Negative,100,,,,,,,,,,,,,,,,,,
207,6993,,,,,>2yrs,2,Female,,,,43283,2/21/19,12/1/19,mortality,NA,NA,NA,NA,NA,NA,NA,NA,12/1/19,TRUE,Negative,Negative,10,3.32,1,0,Negative,100,Negative,100,Negative,100,Negative,100,Negative,100,Negative,100,,,,,,,,,,,,,,,,,,
208,6911,,,,,>2yrs,5,Female,,,,82008,2/13/19,11/2/19,mortality,NA,NA,NA,NA,NA,NA,NA,NA,11/2/19,TRUE,Negative,Negative,10,3.32,1,0,Negative,100,Negative,100,Negative,100,Negative,100,Negative,100,Negative,100,,,,,,,,,,,,,,,,,,
209,6955,,,,,>2yrs,NA,Female,,,,82069,2/11/19,9/6/20,censor,NA,NA,NA,NA,NA,NA,NA,NA,NA,NA,NA,Negative,10,3.32,1,0,Negative,100,Negative,100,Negative,100,Negative,100,Negative,100,Negative,100,,,,,,,,,,,,,,,,,,
210,7860,,,,,8mo,NA,Female,,,,43252,12/29/18,12/31/20,mortality,NA,NA,NA,NA,NA,NA,NA,NA,12/31/20,TRUE,Positive,Negative,10,3.32,1,0,Negative,100,Negative,100,Negative,100,Negative,100,Negative,100,Negative,100,,,,,,,,,,,,,,,,,,
211,7233,,,,,20mo,1,Female,,,,82004,1/11/19,2/6/20,mortality,NA,NA,NA,NA,NA,NA,NA,NA,2/6/20,TRUE,Negative,Negative,10,3.32,1,0,Negative,100,Negative,100,Negative,100,Negative,100,Negative,100,Negative,100,,,,,,,,,,,,,,,,,,
212,7008,,,,,8mo,NA,Female,,,,82021,2/11/19,1/21/21,mortality,NA,NA,NA,NA,NA,NA,NA,NA,1/21/21,TRUE,Negative,Negative,10,3.32,1,0,Negative,100,Negative,100,Negative,100,Negative,100,Negative,100,Negative,100,,,,,,,,,,,,,,,,,,
213,6963,,,,,20mo,1,Female,,,,82044,2/16/19,8/5/20,mortality,NA,NA,NA,NA,NA,NA,NA,NA,8/5/20,TRUE,Pending,Negative,10,3.32,1,0,Negative,100,Negative,100,Negative,100,Negative,100,Negative,100,Negative,100,,,,,,,,,,,,,,,,,,
214,6907,,,,,8mo,NA,Female,,,,80608,2/13/18,3/6/19,censor,NA,NA,NA,NA,82035,3/6/19,11/23/19,mortality,11/23/19,TRUE,Negative,Negative,10,3.32,1,0,Negative,100,Negative,100,Negative,100,Negative,100,Negative,100,Negative,100,,,,,,,,,,,,,,,,,,
215,7858,,,,,>2yrs,2,Male,,,,29435,2/11/19,11/21/19,mortality,NA,NA,NA,NA,NA,NA,NA,NA,11/21/19,TRUE,Positive,Negative,10,3.32,1,0,Negative,100,Negative,100,Negative,100,Negative,100,Negative,100,Negative,100,,,,,,,,,,,,,,,,,,
216,7243,,,,,8mo,NA,Female,,,,82023,1/19/19,1/24/19,mortality,NA,NA,NA,NA,NA,NA,NA,NA,1/24/19,TRUE,Negative,Negative,10,3.32,1,0,Negative,100,Negative,100,Negative,100,Negative,100,Negative,100,Negative,100,,,,,,,,,,,,,,,,,,
217,7175,,,,,>2yrs,3,Female,,,,80629,12/30/18,9/23/21,mortality,NA,NA,NA,NA,NA,NA,NA,NA,9/23/21,TRUE,Positive,Negative,10,3.32,1,0,Negative,100,Negative,100,Negative,100,Negative,100,Negative,100,Negative,100,,,,,,,,,,,,,,,,,,
218,7006,,,,,>2yrs,4,Male,,,,24215,3/4/19,4/7/19,mortality,NA,NA,NA,NA,NA,NA,NA,NA,4/7/19,TRUE,Negative,Negative,10,3.32,1,0,Negative,100,Negative,100,Negative,100,Negative,100,Negative,100,Negative,100,,,,,,,,,,,,,,,,,,
219,6997,,,,,8mo,NA,Male,,,,24920,2/19/19,2/28/19,censor,29449,3/6/19,10/4/20,censor,NA,NA,NA,NA,11/11/21,TRUE,Negative,Negative,10,3.32,1,0,Negative,100,Negative,100,Negative,100,Negative,100,Negative,100,Negative,100,,,,,,,,,,,,,,,,,,
220,6961,,,,,>2yrs,4,Female,,,,43247,2/18/19,1/25/22,censor,NA,NA,NA,NA,NA,NA,NA,NA,NA,NA,NA,Negative,10,3.32,1,0,Negative,100,Negative,100,Negative,100,Negative,100,Negative,100,Negative,100,,,,,,,,,,,,,,,,,,
221,6901,,,,,8mo,NA,Male,,,,24214,3/7/19,9/26/19,censor,NA,NA,NA,NA,NA,NA,NA,NA,NA,NA,NA,Negative,10,3.32,1,0,Negative,100,Negative,100,Negative,100,Negative,100,Negative,100,Negative,100,,,,,,,,,,,,,,,,,,
222,6957,,,,,8mo,NA,Male,,,,29579,2/4/19,11/24/19,mortality,NA,NA,NA,NA,NA,NA,NA,NA,11/24/19,TRUE,Positive,Negative,10,3.32,1,0,Negative,100,Negative,100,Negative,100,Negative,100,Negative,100,Negative,100,,,,,,,,,,,,,,,,,,
223,7258,,,,,>2yrs,6,Female,,,,82071,2/1/19,12/26/20,censor,NA,NA,NA,NA,NA,NA,NA,NA,NA,NA,NA,Positive,20,4.32,1.3,0,Negative,100,Negative,100,Negative,100,Negative,100,Negative,100,Negative,100,,,,,,,,,,,,,,,,,,
224,7100,,,,,20mo,NA,Female,,,,43262,3/12/19,8/18/20,censor,NA,NA,NA,NA,NA,NA,NA,NA,NA,NA,NA,Positive,20,4.32,1.3,0,Negative,100,Negative,100,Negative,100,Negative,100,Negative,100,Negative,100,,,,,,,,,,,,,,,,,,
225,7025,,,,,>2yrs,17,Female,,,,43291,2/15/19,12/1/19,mortality,NA,NA,NA,NA,NA,NA,NA,NA,12/1/19,TRUE,Positive,Negative,10,3.32,1,0,Negative,100,Negative,100,Negative,100,Negative,100,Negative,100,Negative,100,,,,,,,,,,,,,,,,,,
226,7002,,,,,,,,,,,,,,,,,,,,,,,,,,Positive,20,4.32,1.3,0,Negative,100,Negative,100,Negative,100,Negative,100,Negative,100,Negative,100,,,,,,,,,,,,,,,,,,
227,8117,,,,,8mo,NA,Male,,,,29447,1/12/20,10/8/22,mortality,NA,NA,NA,NA,NA,NA,NA,NA,10/8/22,TRUE,Positive,Negative,10,3.32,1,0,Negative,100,Negative,100,Negative,100,Negative,100,Negative,100,Negative,100,,,,,,,,,,,,,,,,,,
228,7942,,,,,8mo,NA,Male,,,,24915,1/15/20,5/12/22,censor,NA,NA,NA,NA,NA,NA,NA,NA,NA,NA,NA,Positive,20,4.32,1.3,0,Negative,100,Negative,100,Negative,100,Negative,100,Negative,100,Negative,100,,,,,,,,,,,,,,,,,,
229,7870,,,,,>2yrs,2,Male,,,,29540,1/16/20,1/26/22,mortality,NA,NA,NA,NA,NA,NA,NA,NA,1/26/22,TRUE,Pending,Positive,40,5.32,1.6,0,Negative,100,Negative,100,Negative,100,Negative,100,Negative,100,Negative,100,,,,,,,,,,,,,,,,,,
230,6696,,,,,>2yrs,9,Female,,,,84572,12/19/19,1/16/23,censor,NA,NA,NA,NA,NA,NA,NA,NA,NA,NA,NA,Positive,40,5.32,1.6,0,Negative,100,Negative,100,Negative,100,Negative,100,Negative,100,Negative,100,,,,,,,,,,,,,,,,,,
231,6673,,,,,20mo,NA,Male,,,,24225,12/30/19,1/1/21,mortality,NA,NA,NA,NA,NA,NA,NA,NA,1/1/21,TRUE,Positive,Negative,10,3.32,1,0,Negative,100,Negative,100,Negative,100,Negative,100,Negative,100,Negative,100,,,,,,,,,,,,,,,,,,
232,5519,,,,,>2yrs,2,Female,,,,80586,1/28/20,NA,NA,NA,NA,NA,NA,NA,NA,NA,NA,NA,NA,NA,Negative,10,3.32,1,0,Negative,100,Negative,100,Negative,100,Negative,100,Negative,100,Negative,100,,,,,,,,,,,,,,,,,,
233,5257,,,,,8mo,NA,Male,,,,29578,1/10/20,1/11/20,censor,NA,NA,NA,NA,NA,NA,NA,NA,NA,NA,NA,Negative,10,3.32,1,0,Negative,100,Negative,100,Negative,100,Negative,100,Negative,100,Negative,100,,,,,,,,,,,,,,,,,,
234,8108,,,,,>2yrs,2,Female,,,,84621,1/20/20,4/2/23,mortality,NA,NA,NA,NA,NA,NA,NA,NA,4/2/23,TRUE,Negative,Negative,10,3.32,1,0,Negative,100,Negative,100,Negative,100,Negative,100,Negative,100,Negative,100,,,,,,,,,,,,,,,,,,
235,7932,,,,,>2yrs,11,Female,,,,84613,1/28/20,11/21/20,mortality,NA,NA,NA,NA,NA,NA,NA,NA,11/21/20,TRUE,Negative,Positive,20,4.32,1.3,0,Negative,100,Negative,100,Negative,100,Negative,100,Negative,100,Negative,100,,,,,,,,,,,,,,,,,,
236,7868,,,,,8mo,NA,Male,,,,40431,1/25/20,3/8/20,censor,NA,NA,NA,NA,NA,NA,NA,NA,NA,NA,NA,Positive,20,4.32,1.3,0,Negative,100,Negative,100,Negative,100,Negative,100,Negative,100,Negative,100,,,,,,,,,,,,,,,,,,
237,6692,,,,,20mo,NA,Male,,,,24928,1/7/20,2/16/21,mortality,NA,NA,NA,NA,NA,NA,NA,NA,2/16/21,TRUE,Positive,Negative,10,3.32,1,0,Negative,100,Negative,100,Negative,100,Negative,100,Negative,100,Negative,100,,,,,,,,,,,,,,,,,,
238,6629,,,,,20mo,NA,Female,,,,84629,1/4/20,NA,NA,NA,NA,NA,NA,NA,NA,NA,NA,NA,NA,NA,Negative,10,3.32,1,0,Negative,100,Negative,100,Negative,100,Negative,100,Negative,100,Negative,100,,,,,,,,,,,,,,,,,,
239,5507,,,,,>2yrs,4,Male,,,,40442,1/20/20,2/15/20,mortality,NA,NA,NA,NA,NA,NA,NA,NA,2/15/20,TRUE,Positive,Positive,40,5.32,1.6,0,Negative,100,Negative,100,Negative,100,Negative,100,Negative,100,Negative,100,,,,,,,,,,,,,,,,,,
240,5255,,,,,>2yrs,6,Female,,,,84606,1/16/20,9/9/20,mortality,NA,NA,NA,NA,NA,NA,NA,NA,9/9/20,TRUE,Positive,Positive,40,5.32,1.6,0,Negative,100,Negative,100,Negative,100,Negative,100,Negative,100,Negative,100,,,,,,,,,,,,,,,,,,
241,5223,,,,,8mo,NA,Male,,,,40422,1/8/20,12/25/20,mortality,NA,NA,NA,NA,NA,NA,NA,NA,12/25/20,TRUE,Negative,Positive,80,6.32,1.9,0,Negative,100,Negative,100,Negative,100,Negative,100,Negative,100,Negative,100,,,,,,,,,,,,,,,,,,
242,8104,,,,,>2yrs,3,Male,,,,24213,1/15/20,3/25/20,mortality,NA,NA,NA,NA,NA,NA,NA,NA,3/25/20,TRUE,Negative,Positive,80,6.32,1.9,0,Negative,100,Negative,100,Negative,100,Negative,100,Negative,100,Negative,100,,,,,,,,,,,,,,,,,,
243,7928,,,,,8mo,NA,Male,,,,40441,1/28/20,11/29/20,mortality,NA,NA,NA,NA,NA,NA,NA,NA,11/29/20,TRUE,Negative,Positive,80,6.32,1.9,0,Negative,100,Negative,100,Negative,100,Negative,100,Negative,100,Negative,100,,,,,,,,,,,,,,,,,,
244,7864,,,,,>2yrs,7,Female,,,,84588,1/20/20,NA,NA,NA,NA,NA,NA,NA,NA,NA,NA,NA,NA,NA,Negative,10,3.32,1,0,Negative,100,Negative,100,Negative,100,Negative,100,Negative,100,Negative,100,,,,,,,,,,,,,,,,,,
245,6690,,,,,>2yrs,15,Female,,,,84640,1/12/20,8/14/22,mortality,NA,NA,NA,NA,NA,NA,NA,NA,8/14/22,FALSE,Not tested,Positive,40,5.32,1.6,0,Negative,100,Negative,100,Negative,100,Negative,100,Negative,100,Negative,100,,,,,,,,,,,,,,,,,,
246,6444,,,,,8mo,NA,Male,,,,24969,1/1/19,12/30/19,censor,40435,12/30/19,3/30/20,mortality,NA,NA,NA,NA,3/30/20,FALSE,NA,Positive,40,5.32,1.6,0,Negative,100,Negative,100,Negative,100,Negative,100,Negative,100,Negative,100,,,,,,,,,,,,,,,,,,
247,5297,,,,,>2yrs,1,Female,,,,84561,1/20/20,NA,NA,NA,NA,NA,NA,NA,NA,NA,NA,NA,NA,NA,Negative,10,3.32,1,0,Negative,100,Negative,100,Negative,100,Negative,100,Negative,100,Negative,100,,,,,,,,,,,,,,,,,,
248,5247,,,,,>2yrs,3,Male,,,,40420,1/16/20,1/12/21,mortality,NA,NA,NA,NA,NA,NA,NA,NA,1/12/21,TRUE,Pending,Negative,10,3.32,1,0,Negative,100,Negative,100,Negative,100,Negative,100,Negative,100,Negative,100,,,,,,,,,,,,,,,,,,
249,5221,,,,,>2yrs,4,Female,,,,80608,1/17/20,4/28/20,mortality,NA,NA,NA,NA,NA,NA,NA,NA,4/28/20,TRUE,Positive,Negative,10,3.32,1,0,Negative,100,Negative,100,Negative,100,Negative,100,Negative,100,Negative,100,,,,,,,,,,,,,,,,,,
250,7993,,,,,>2yrs,7,Female,,,,84639,1/8/20,6/23/22,mortality,NA,NA,NA,NA,NA,NA,NA,NA,6/23/22,TRUE,Positive,Negative,10,3.32,1,0,Negative,100,Negative,100,Negative,100,Negative,100,Negative,100,Negative,100,,,,,,,,,,,,,,,,,,
251,7924,,,,,>2yrs,12,Female,,,,84563,1/23/20,12/15/22,mortality,NA,NA,NA,NA,NA,NA,NA,NA,12/15/22,FALSE,Not tested,Negative,10,3.32,1,0,Negative,100,Negative,100,Negative,100,Negative,100,Negative,100,Negative,100,,,,,,,,,,,,,,,,,,
252,6963,,,,,20mo,1,Female,,,,82044,2/16/19,8/5/20,mortality,NA,NA,NA,NA,NA,NA,NA,NA,8/5/20,TRUE,Pending,Positive,20,4.32,1.3,0,Negative,100,Negative,100,Positive,200,Negative,100,Negative,100,Negative,100,,,,,,,,,,,,,,,,,,
253,6688,,,,,20mo,NA,Male,,,,24968,1/27/20,2/1/20,mortality,NA,NA,NA,NA,NA,NA,NA,NA,2/1/20,TRUE,Pending,Negative,10,3.32,1,0,Negative,100,Negative,100,Negative,100,Negative,100,Negative,100,Negative,100,,,,,,,,,,,,,,,,,,
254,5726,,,,,>2yrs,6,Female,,,,43225,2/10/17,1/12/20,censor,NA,NA,NA,NA,84600,1/12/20,NA,NA,NA,NA,NA,Negative,10,3.32,1,0,Negative,100,Negative,100,Negative,100,Negative,100,Negative,100,Negative,100,,,,,,,,,,,,,,,,,,
255,5287,,,,,>2yrs,3,Male,,,,40423,1/19/20,6/26/20,mortality,NA,NA,NA,NA,NA,NA,NA,NA,6/26/20,TRUE,Positive,Positive,40,5.32,1.6,0,Negative,100,Negative,100,Positive,400,Negative,100,Negative,100,Negative,100,,,,,,,,,,,,,,,,,,
256,5245,,,,,8mo,NA,Male,,,,29434,1/28/20,11/20/21,mortality,NA,NA,NA,NA,NA,NA,NA,NA,11/20/21,TRUE,Negative,Positive,40,5.32,1.6,0,Negative,100,Negative,100,Positive,400,Negative,100,Negative,100,Negative,100,,,,,,,,,,,,,,,,,,
257,5215,,,,,>2yrs,2,Male,,,,40432,1/17/20,2/10/20,mortality,NA,NA,NA,NA,NA,NA,NA,NA,2/10/20,TRUE,Negative,Negative,10,3.32,1,0,Negative,100,Negative,100,Negative,100,Negative,100,Negative,100,Negative,100,,,,,,,,,,,,,,,,,,
258,8197,,,,,20mo,NA,Female,,,,84583,1/20/20,12/27/22,mortality,NA,NA,NA,NA,NA,NA,NA,NA,12/27/22,TRUE,Positive,Positive,40,5.32,1.6,0,Negative,100,Negative,100,Positive,400,Negative,100,Negative,100,Negative,100,,,,,,,,,,,,,,,,,,
259,7989,,,,,>2yrs,10,Female,,,,84567,1/25/20,NA,NA,NA,NA,NA,NA,NA,NA,NA,NA,NA,NA,NA,Negative,10,3.32,1,0,Negative,100,Negative,100,Negative,100,Negative,100,Negative,100,Negative,100,,,,,,,,,,,,,,,,,,
260,7920,,,,,20mo,NA,Male,,,,28433,1/19/20,11/4/21,mortality,NA,NA,NA,NA,NA,NA,NA,NA,11/4/21,TRUE,Pending,Negative,10,3.32,1,0,Negative,100,Negative,100,Negative,100,Negative,100,Negative,100,Negative,100,,,,,,,,,,,,,,,,,,
261,6847,,,,,>2yrs,3,Female,,,,43258,3/4/17,1/29/20,censor,80624,1/29/20,7/14/22,mortality,NA,NA,NA,NA,7/14/22,TRUE,Positive,Negative,10,3.32,1,0,Negative,100,Negative,100,Negative,100,Negative,100,Negative,100,Negative,100,,,,,,,,,,,,,,,,,,
262,6685,,,,,>2yrs,2,Female,,,,84602,1/13/20,2/3/20,mortality,NA,NA,NA,NA,NA,NA,NA,NA,2/3/20,TRUE,Positive,Negative,10,3.32,1,0,Negative,100,Negative,100,Negative,100,Negative,100,Negative,100,Negative,100,,,,,,,,,,,,,,,,,,
263,5693,,,,,20mo,NA,Female,,,,NA,NA,NA,NA,84565,1/21/20,NA,NA,NA,NA,NA,NA,NA,Not tested,NA,Negative,10,3.32,1,0,Negative,100,Negative,100,Negative,100,Negative,100,Negative,100,Positive,200,,,,,,,,,,,,,,,,,,
264,5285,,,,,>2yrs,2,Female,,,,84611,1/19/20,NA,NA,NA,NA,NA,NA,NA,NA,NA,NA,NA,NA,NA,Positive,80,6.32,1.9,0,Negative,100,Negative,100,Positive,800,Negative,100,Negative,100,Negative,100,,,,,,,,,,,,,,,,,,
265,5243,,,,,>2yrs,5,Female,,,,84632,1/14/20,NA,NA,NA,NA,NA,NA,NA,NA,NA,NA,NA,NA,NA,Negative,10,3.32,1,0,Negative,100,Negative,100,Negative,100,Negative,100,Negative,100,Negative,100,,,,,,,,,,,,,,,,,,
266,5205,,,,,8mo,NA,Male,,,,29570,1/16/20,10/31/20,mortality,NA,NA,NA,NA,NA,NA,NA,NA,10/31/20,FALSE,NA,Negative,10,3.32,1,0,Negative,100,Negative,100,Negative,100,Negative,100,Negative,100,Negative,100,,,,,,,,,,,,,,,,,,
267,8187,,,,,8mo,NA,Male,,,,24227,1/21/20,7/23/20,censor,NA,NA,NA,NA,NA,NA,NA,NA,NA,NA,NA,Negative,10,3.32,1,0,Negative,100,Negative,100,Negative,100,Negative,100,Negative,100,Negative,100,,,,,,,,,,,,,,,,,,
268,7987,,,,,>2yrs,3,Female,,,,84623,1/8/20,11/23/20,censor,NA,NA,NA,NA,NA,NA,NA,NA,NA,NA,NA,Negative,10,3.32,1,0,Negative,100,Negative,100,Negative,100,Negative,100,Negative,100,Negative,100,,,,,,,,,,,,,,,,,,
269,7912,,,,,>2yrs,NA,Female,,,,84619,1/4/20,NA,NA,NA,NA,NA,NA,NA,NA,NA,NA,NA,NA,NA,Negative,10,3.32,1,0,Negative,100,Negative,100,Negative,100,Negative,100,Negative,100,Negative,100,,,,,,,,,,,,,,,,,,
270,6805,,,,,8mo,NA,Male,,,,24913,2/26/17,1/28/20,censor,NA,NA,NA,NA,40418,1/28/20,9/25/20,mortality,9/25/20,TRUE,Negative,Positive,40,5.32,1.6,0,Negative,100,Negative,100,Positive,400,Negative,100,Negative,100,Negative,100,,,,,,,,,,,,,,,,,,
271,6681,,,,,>2yrs,1,Female,,,,84584,1/12/20,NA,NA,NA,NA,NA,NA,NA,NA,NA,NA,NA,NA,NA,Positive,20,4.32,1.3,0,Negative,100,Negative,100,Positive,200,Negative,100,Negative,100,Negative,100,,,,,,,,,,,,,,,,,,
272,5689,,,,,20mo,1,Female,,,,NA,NA,NA,NA,84597,1/4/20,NA,NA,NA,NA,NA,NA,NA,NA,NA,Negative,10,3.32,1,0,Negative,100,Negative,100,Positive,200,Negative,100,Negative,100,Negative,100,,,,,,,,,,,,,,,,,,
273,5281,,,,,>2yrs,3,Female,,,,84564,1/29/20,12/27/20,mortality,NA,NA,NA,NA,NA,NA,NA,NA,12/27/20,TRUE,Positive,Negative,10,3.32,1,0,Negative,100,Negative,100,Negative,100,Negative,100,Negative,100,Negative,100,,,,,,,,,,,,,,,,,,
274,5235,,,,,>2yrs,13,Female,,,,84642,1/16/20,1/16/22,mortality,NA,NA,NA,NA,NA,NA,NA,NA,1/16/22,TRUE,Pending,Positive,20,4.32,1.3,0,Negative,100,Negative,100,Positive,200,Negative,100,Negative,100,Negative,100,,,,,,,,,,,,,,,,,,
275,5203,,,,,,,,,,,,,,,,,,,,,,,,,,Negative,10,3.32,1,0,Negative,100,Negative,100,Negative,100,Negative,100,Negative,100,Negative,100,,,,,,,,,,,,,,,,,,
276,8147,,,,,>2yrs,4,Female,,,,84612,1/29/20,NA,NA,NA,NA,NA,NA,NA,NA,NA,NA,NA,NA,NA,Negative,10,3.32,1,0,Negative,100,Negative,100,Negative,100,Negative,100,Negative,100,Negative,100,,,,,,,,,,,,,,,,,,
277,7977,,,,,>2yrs,4,Female,,,,84627,1/15/20,7/6/21,censor,NA,NA,NA,NA,NA,NA,NA,NA,NA,NA,NA,Positive,20,4.32,1.3,0,Negative,100,Negative,100,Positive,200,Negative,100,Negative,100,Negative,100,,,,,,,,,,,,,,,,,,
278,7910,,,,,8mo,NA,Male,,,,40429,1/8/20,11/11/20,censor,NA,NA,NA,NA,NA,NA,NA,NA,3/2/23,FALSE,Not tested,Positive,10,3.32,1,0,Negative,100,Negative,100,Positive,100,Negative,100,Negative,100,Negative,100,,,,,,,,,,,,,,,,,,
279,6764,,,,,20mo,NA,Female,,,,80617,1/2/19,11/26/22,censor,NA,NA,NA,NA,NA,NA,NA,NA,NA,NA,NA,Negative,10,3.32,1,0,Negative,100,Negative,100,Negative,100,Negative,100,Negative,100,Negative,100,,,,,,,,,,,,,,,,,,
280,6679,,,,,20mo,NA,Female,,,,80573,1/20/20,NA,NA,NA,NA,NA,NA,NA,NA,NA,NA,NA,NA,NA,Negative,10,3.32,1,0,Negative,100,Negative,100,Negative,100,Negative,100,Negative,100,Negative,100,,,,,,,,,,,,,,,,,,
281,5540,,,,,20mo,NA,Female,,,,84636,1/19/20,9/20/21,mortality,NA,NA,NA,NA,NA,NA,NA,NA,9/20/21,TRUE,Pending,Negative,10,3.32,1,0,Negative,100,Negative,100,Negative,100,Negative,100,Negative,100,Negative,100,,,,,,,,,,,,,,,,,,
282,5279,,,,,>2yrs,1,Male,,,,40428,1/2/20,9/29/20,mortality,NA,NA,NA,NA,NA,NA,NA,NA,9/29/20,TRUE,Positive,Positive,20,4.32,1.3,0,Negative,100,Negative,100,Positive,200,Negative,100,Negative,100,Negative,100,,,,,,,,,,,,,,,,,,
283,5233,,,,,>2yrs,3,Female,,,,84598,1/28/20,11/23/21,censor,NA,NA,NA,NA,NA,NA,NA,NA,NA,NA,NA,Negative,10,3.32,1,0,Negative,100,Negative,100,Negative,100,Negative,100,Negative,100,Negative,100,,,,,,,,,,,,,,,,,,
284,5201,,,,,8mo,NA,Male,,,,24230,1/7/20,12/5/20,mortality,NA,NA,NA,NA,NA,NA,NA,NA,12/5/20,TRUE,Negative,Negative,10,3.32,1,0,Negative,100,Negative,100,Negative,100,Negative,100,Negative,100,Negative,100,,,,,,,,,,,,,,,,,,
285,8171,,,,,20mo,NA,Male,,,,40414,1/29/20,11/13/20,mortality,NA,NA,NA,NA,NA,NA,NA,NA,11/13/20,TRUE,Negative,Positive,10,3.32,1,0,Negative,100,Negative,100,Positive,100,Negative,100,Negative,100,Negative,100,,,,,,,,,,,,,,,,,,
286,7975,,,,,>2yrs,4,Female,,,,84635,1/19/20,1/21/22,mortality,NA,NA,NA,NA,NA,NA,NA,NA,1/21/22,TRUE,Pending,Negative,10,3.32,1,0,Negative,100,Negative,100,Negative,100,Negative,100,Negative,100,Negative,100,,,,,,,,,,,,,,,,,,
287,7904,,,,,20mo,NA,Male,,,,40439,1/23/20,11/16/21,censor,NA,NA,NA,NA,NA,NA,NA,NA,11/26/21,TRUE,Negative,Negative,10,3.32,1,0,Negative,100,Negative,100,Negative,100,Negative,100,Negative,100,Negative,100,,,,,,,,,,,,,,,,,,
288,6714,,,,,20mo,NA,Female,,,,80602,3/7/18,1/21/20,censor,84593,1/21/20,NA,NA,NA,NA,NA,NA,NA,NA,NA,Negative,10,3.32,1,0,Negative,100,Negative,100,Negative,100,Negative,100,Negative,100,Negative,100,,,,,,,,,,,,,,,,,,
289,6677,,,,,8mo,NA,Male,,,,24944,1/16/20,1/4/21,censor,NA,NA,NA,NA,NA,NA,NA,NA,11/12/22,TRUE,Positive,Negative,10,3.32,1,0,Negative,100,Negative,100,Negative,100,Negative,100,Negative,100,Negative,100,,,,,,,,,,,,,,,,,,
290,5538,,,,,>2yrs,NA,Female,,,,80576,1/17/20,1/18/20,mortality,NA,NA,NA,NA,NA,NA,NA,NA,1/18/20,TRUE,Positive,Positive,20,4.32,1.3,0,Negative,100,Negative,100,Positive,200,Negative,100,Negative,100,Negative,100,,,,,,,,,,,,,,,,,,
291,5263,,,,,,,,,,,,,,,,,,,,,,,,,,Negative,10,3.32,1,0,Negative,100,Negative,100,Negative,100,Negative,100,Negative,100,Negative,100,,,,,,,,,,,,,,,,,,
292,5229,,,,,>2yrs,2,Male,,,,40436,1/16/20,10/30/20,mortality,NA,NA,NA,NA,NA,NA,NA,NA,10/30/20,TRUE,Negative,Negative,10,3.32,1,0,Negative,100,Negative,100,Negative,100,Negative,100,Negative,100,Negative,100,,,,,,,,,,,,,,,,,,
293,5119,,,,,8mo,NA,Female,,,,80584,2/3/18,1/15/20,censor,NA,NA,NA,NA,84571,1/15/20,NA,NA,2/14/23,TRUE,Positive,Positive,40,5.32,1.6,0,Negative,100,Negative,100,Positive,400,Negative,100,Negative,100,Negative,100,,,,,,,,,,,,,,,,,,
294,8123,,,,,>2yrs,3,Male,,,,29441,1/12/20,11/12/20,mortality,NA,NA,NA,NA,NA,NA,NA,NA,11/12/20,TRUE,Positive,Negative,10,3.32,1,0,Negative,100,Negative,100,Negative,100,Negative,100,Negative,100,Negative,100,,,,,,,,,,,,,,,,,,
295,7944,,,,,8mo,NA,Male,,,,24917,1/8/20,12/21/21,censor,NA,NA,NA,NA,NA,NA,NA,NA,NA,FALSE,NA,Negative,10,3.32,1,0,Negative,100,Negative,100,Negative,100,Negative,100,Negative,100,Negative,100,,,,,,,,,,,,,,,,,,
296,7900,,,,,>2yrs,5,Female,,,,84579,1/19/20,10/10/20,mortality,NA,NA,NA,NA,NA,NA,NA,NA,10/10/20,TRUE,Positive,Negative,10,3.32,1,0,Negative,100,Negative,100,Negative,100,Negative,100,Negative,100,Negative,100,,,,,,,,,,,,,,,,,,
297,6698,,,,,>2yrs,4,Female,,,,84582,1/8/20,10/10/22,mortality,NA,NA,NA,NA,NA,NA,NA,NA,10/10/22,TRUE,Positive,Negative,10,3.32,1,0,Negative,100,Negative,100,Negative,100,Negative,100,Negative,100,Negative,100,,,,,,,,,,,,,,,,,,
298,6675,,,,,>2yrs,2,Female,,,,80578,1/22/20,6/4/22,mortality,NA,NA,NA,NA,NA,NA,NA,NA,6/4/22,TRUE,Positive,Negative,10,3.32,1,0,Negative,100,Negative,100,Negative,100,Negative,100,Negative,100,Negative,100,,,,,,,,,,,,,,,,,,
299,5526,,,,,20mo,NA,Female,,,,84622,12/19/19,7/6/22,mortality,NA,NA,NA,NA,NA,NA,NA,NA,7/6/22,TRUE,Positive,Negative,10,3.32,1,0,Negative,100,Negative,100,Negative,100,Negative,100,Negative,100,Negative,100,,,,,,,,,,,,,,,,,,
300,5261,,,,,8mo,NA,Male,,,,24218,1/16/20,4/10/21,censor,NA,NA,NA,NA,NA,NA,NA,NA,11/21/21,TRUE,Positive,Positive,20,4.32,1.3,0,Negative,100,Negative,100,Positive,200,Negative,100,Negative,100,Negative,100,,,,,,,,,,,,,,,,,,
301,5227,,,,,>2yrs,8,Female,,,,84568,1/20/20,NA,NA,NA,NA,NA,NA,NA,NA,NA,NA,NA,NA,NA,Positive,20,4.32,1.3,0,Negative,100,Negative,100,Positive,200,Negative,100,Negative,100,Negative,100,,,,,,,,,,,,,,,,,,
302,5016,,,,,>2yrs,3,Female,,,,43267,3/4/17,1/28/20,censor,84596,1/28/20,5/29/21,mortality,NA,NA,NA,NA,5/29/21,TRUE,Positive,Positive,40,5.32,1.6,0,Negative,100,Negative,100,Positive,400,Negative,100,Negative,100,Negative,100,,,,,,,,,,,,,,,,,,
303,8121,,,,,>2yrs,3,Female,,,,84633,1/4/20,NA,NA,NA,NA,NA,NA,NA,NA,NA,NA,NA,NA,NA,Negative,10,3.32,1,0,Negative,100,Negative,100,Negative,100,Negative,100,Negative,100,Negative,100,,,,,,,,,,,,,,,,,,
304,7752,,,,,,,,,,,,,,,,,,,,,,,,,,Positive,40,5.32,1.6,0,Negative,100,Negative,100,Positive,400,Negative,100,Negative,100,Negative,100,,,,,,,,,,,,,,,,,,
305,7758,,,,,,,,,,,,,,,,,,,,,,,,,,Positive,80,6.32,1.9,0,Negative,100,Negative,100,Positive,800,Negative,100,Negative,100,Negative,100,,,,,,,,,,,,,,,,,,
306,7771,,,,,,,,,,,,,,,,,,,,,,,,,,Positive,20,4.32,1.3,0,Negative,100,Negative,100,Positive,200,Negative,100,Negative,100,Negative,100,,,,,,,,,,,,,,,,,,
307,7764,,,,,,,,,,,,,,,,,,,,,,,,,,Negative,10,3.32,1,0,Negative,100,Negative,100,Negative,100,Negative,100,Negative,100,Negative,100,,,,,,,,,,,,,,,,,,
308,7646,,,,,,,,,,,,,,,,,,,,,,,,,,Positive,10,3.32,1,0,Negative,100,Negative,100,Positive,100,Negative,100,Negative,100,Negative,100,,,,,,,,,,,,,,,,,,
309,7653,,,,,,,,,,,,,,,,,,,,,,,,,,Negative,10,3.32,1,0,Negative,100,Negative,100,Negative,100,Negative,100,Negative,100,Negative,100,,,,,,,,,,,,,,,,,,
310,7663,,,,,,,,,,,,,,,,,,,,,,,,,,Negative,10,3.32,1,0,Negative,100,Negative,100,Negative,100,Negative,100,Negative,100,Negative,100,,,,,,,,,,,,,,,,,,
311,6798,,,,,20mo,NA,Female,,,,81989,2/11/19,8/17/20,censor,NA,NA,NA,NA,NA,NA,NA,NA,NA,NA,NA,Positive,40,5.32,1.6,0,Negative,100,Negative,100,Positive,400,Negative,100,Negative,100,Negative,100,,,,,,,,,,,,,,,,,,
312,7762,,,,,,,,,,,,,,,,,,,,,,,,,,Positive,40,5.32,1.6,0,Negative,100,Negative,100,Positive,400,Negative,100,Negative,100,Negative,100,,,,,,,,,,,,,,,,,,
313,7669,,,,,,,,,,,,,,,,,,,,,,,,,,Positive,20,4.32,1.3,0,Negative,100,Negative,100,Positive,200,Negative,100,Negative,100,Negative,100,,,,,,,,,,,,,,,,,,
314,7665,,,,,,,,,,,,,,,,,,,,,,,,,,Positive,20,4.32,1.3,0,Negative,100,Negative,100,Positive,200,Negative,100,Negative,100,Negative,100,,,,,,,,,,,,,,,,,,
,,,,,,,,,,,,,,,,,,,,,,,,,,,,,,,,,,,,,,,,,,,,,,,,,,,,,,,,,,,,,
,,,,,,,,,,,,,,,,,,,,,,,,,,,,,,,,,,,,,,,,,,,,,,,,,,,,,,,,,,,,,
,,,,,,,,,,,,,,,,,,,,,,,,,,,,,,,,,,,,,,,,,,,,,,,,,,,,,,,,,,,,,